StockCode,text,description,category,seasonality,gifting,perishability,price_tier,impulse,substitute_group
22423,Three-tier ceramic cakestand for serving cakes at afternoon tea and parties Category: kitchenware. Seasonality: none. Gifting: high. Price tier: premium. Impulse: low. Substitute group: cake_stand.,Three-tier ceramic cakestand for serving cakes at afternoon tea and parties,kitchenware,none,high,durable,premium,low,cake_stand
85123A,"White heart-shaped hanging tealight holder, decorative home accessory Category: home_decor. Seasonality: none. Gifting: high. Price tier: budget. Impulse: high. Substitute group: tlight_holder.","White heart-shaped hanging tealight holder, decorative home accessory",home_decor,none,high,durable,budget,high,tlight_holder
85099B,Large reusable jumbo shopping bag in red polka-dot retrospot pattern Category: bags. Seasonality: none. Gifting: low. Price tier: budget. Impulse: high. Substitute group: jumbo_bag.,Large reusable jumbo shopping bag in red polka-dot retrospot pattern,bags,none,low,durable,budget,high,jumbo_bag
47566,Fabric party bunting for decorating parties and celebrations Category: party. Seasonality: none. Gifting: medium. Price tier: mid. Impulse: medium. Substitute group: bunting.,Fabric party bunting for decorating parties and celebrations,party,none,medium,durable,mid,medium,bunting
84879,Assorted colour decorative bird ornaments for the home Category: home_decor. Seasonality: none. Gifting: medium. Price tier: budget. Impulse: high. Substitute group: ornament.,Assorted colour decorative bird ornaments for the home,home_decor,none,medium,durable,budget,high,ornament
22086,Make-your-own paper chain decoration kit in 1950s Christmas style Category: christmas_decor. Seasonality: christmas. Gifting: medium. Price tier: mid. Impulse: medium. Substitute group: paper_chain_kit.,Make-your-own paper chain decoration kit in 1950s Christmas style,christmas_decor,christmas,medium,semi_durable,mid,medium,paper_chain_kit
79321,String of decorative chilli-shaped fairy lights Category: lighting. Seasonality: none. Gifting: medium. Price tier: mid. Impulse: medium. Substitute group: string_lights.,String of decorative chilli-shaped fairy lights,lighting,none,medium,durable,mid,medium,string_lights
23166,Medium ceramic kitchen storage jar with lid Category: kitchenware. Seasonality: none. Gifting: low. Price tier: budget. Impulse: medium. Substitute group: storage_jar.,Medium ceramic kitchen storage jar with lid,kitchenware,none,low,durable,budget,medium,storage_jar
22197,Small retro popcorn holder tub Category: kitchenware. Seasonality: none. Gifting: low. Price tier: budget. Impulse: high. Substitute group: popcorn_holder.,Small retro popcorn holder tub,kitchenware,none,low,durable,budget,high,popcorn_holder
22386,Large reusable jumbo shopping bag in pink polka-dot pattern Category: bags. Seasonality: none. Gifting: low. Price tier: budget. Impulse: high. Substitute group: jumbo_bag.,Large reusable jumbo shopping bag in pink polka-dot pattern,bags,none,low,durable,budget,high,jumbo_bag
84347,Rotating silver angel tealight holder that turns with candle heat Category: home_decor. Seasonality: christmas. Gifting: high. Price tier: mid. Impulse: medium. Substitute group: tlight_holder.,Rotating silver angel tealight holder that turns with candle heat,home_decor,christmas,high,durable,mid,medium,tlight_holder
20725,Insulated lunch bag in red retrospot polka-dot pattern Category: bags. Seasonality: none. Gifting: low. Price tier: budget. Impulse: high. Substitute group: lunch_bag.,Insulated lunch bag in red retrospot polka-dot pattern,bags,none,low,durable,budget,high,lunch_bag
21137,Black picture frame sized for a vinyl record cover Category: home_decor. Seasonality: none. Gifting: medium. Price tier: mid. Impulse: medium. Substitute group: frame.,Black picture frame sized for a vinyl record cover,home_decor,none,medium,durable,mid,medium,frame
85099F,Large reusable jumbo shopping bag in strawberry print Category: bags. Seasonality: none. Gifting: low. Price tier: budget. Impulse: high. Substitute group: jumbo_bag.,Large reusable jumbo shopping bag in strawberry print,bags,none,low,durable,budget,high,jumbo_bag
20685,Coir doormat in red retrospot polka-dot design Category: home_decor. Seasonality: none. Gifting: medium. Price tier: mid. Impulse: low. Substitute group: doormat.,Coir doormat in red retrospot polka-dot design,home_decor,none,medium,durable,mid,low,doormat
48138,Coir doormat with Union Jack flag design Category: home_decor. Seasonality: none. Gifting: medium. Price tier: mid. Impulse: low. Substitute group: doormat.,Coir doormat with Union Jack flag design,home_decor,none,medium,durable,mid,low,doormat
23084,Rabbit-shaped children's night light Category: lighting. Seasonality: none. Gifting: high. Price tier: budget. Impulse: medium. Substitute group: night_light.,Rabbit-shaped children's night light,lighting,none,high,durable,budget,medium,night_light
21843,Red retrospot polka-dot ceramic cake stand Category: kitchenware. Seasonality: none. Gifting: high. Price tier: premium. Impulse: low. Substitute group: cake_stand.,Red retrospot polka-dot ceramic cake stand,kitchenware,none,high,durable,premium,low,cake_stand
22114,Hot water bottle with knitted Tea and Sympathy cover Category: home_comfort. Seasonality: none. Gifting: high. Price tier: mid. Impulse: medium. Substitute group: hot_water_bottle.,Hot water bottle with knitted Tea and Sympathy cover,home_comfort,none,high,durable,mid,medium,hot_water_bottle
82484,Wooden message blackboard with antique white finish Category: home_decor. Seasonality: none. Gifting: medium. Price tier: mid. Impulse: low. Substitute group: chalkboard.,Wooden message blackboard with antique white finish,home_decor,none,medium,durable,mid,low,chalkboard
21931,Large reusable jumbo storage bag in Suki floral design Category: bags. Seasonality: none. Gifting: low. Price tier: budget. Impulse: high. Substitute group: jumbo_bag.,Large reusable jumbo storage bag in Suki floral design,bags,none,low,durable,budget,high,jumbo_bag
22910,Make-your-own paper chain decoration kit in vintage Christmas style Category: christmas_decor. Seasonality: christmas. Gifting: medium. Price tier: mid. Impulse: medium. Substitute group: paper_chain_kit.,Make-your-own paper chain decoration kit in vintage Christmas style,christmas_decor,christmas,medium,semi_durable,mid,medium,paper_chain_kit
22502,Small wicker picnic basket Category: outdoor. Seasonality: spring_summer. Gifting: high. Price tier: mid. Impulse: low. Substitute group: picnic_basket.,Small wicker picnic basket,outdoor,spring_summer,high,durable,mid,low,picnic_basket
22112,Hot water bottle with chocolate-themed knitted cover Category: home_comfort. Seasonality: none. Gifting: high. Price tier: mid. Impulse: medium. Substitute group: hot_water_bottle.,Hot water bottle with chocolate-themed knitted cover,home_comfort,none,high,durable,mid,medium,hot_water_bottle
21621,Vintage Union Jack fabric bunting for celebrations Category: party. Seasonality: none. Gifting: medium. Price tier: premium. Impulse: low. Substitute group: bunting.,Vintage Union Jack fabric bunting for celebrations,party,none,medium,durable,premium,low,bunting
85099C,Large reusable jumbo shopping bag in baroque black and white print Category: bags. Seasonality: none. Gifting: low. Price tier: budget. Impulse: high. Substitute group: jumbo_bag.,Large reusable jumbo shopping bag in baroque black and white print,bags,none,low,durable,budget,high,jumbo_bag
15056N,Natural-coloured Edwardian-style parasol sun umbrella Category: accessories. Seasonality: spring_summer. Gifting: medium. Price tier: mid. Impulse: low. Substitute group: parasol.,Natural-coloured Edwardian-style parasol sun umbrella,accessories,spring_summer,medium,durable,mid,low,parasol
22411,Large reusable jumbo shopper bag in vintage red paisley print Category: bags. Seasonality: none. Gifting: low. Price tier: budget. Impulse: high. Substitute group: jumbo_bag.,Large reusable jumbo shopper bag in vintage red paisley print,bags,none,low,durable,budget,high,jumbo_bag
22470,Large woven wicker heart decoration for hanging Category: home_decor. Seasonality: valentine. Gifting: high. Price tier: mid. Impulse: medium. Substitute group: wicker_heart.,Large woven wicker heart decoration for hanging,home_decor,valentine,high,durable,mid,medium,wicker_heart
22189,Cream heart-shaped greeting card display holder Category: home_decor. Seasonality: valentine. Gifting: medium. Price tier: mid. Impulse: medium. Substitute group: card_holder.,Cream heart-shaped greeting card display holder,home_decor,valentine,medium,durable,mid,medium,card_holder
20914,Set of five red retrospot glass bowls with lids Category: kitchenware. Seasonality: none. Gifting: medium. Price tier: mid. Impulse: low. Substitute group: glass_bowls.,Set of five red retrospot glass bowls with lids,kitchenware,none,medium,durable,mid,low,glass_bowls
22178,Victorian-style hanging glass tealight holder Category: home_decor. Seasonality: none. Gifting: medium. Price tier: budget. Impulse: high. Substitute group: tlight_holder.,Victorian-style hanging glass tealight holder,home_decor,none,medium,durable,budget,high,tlight_holder
22139,Eleven-piece ceramic tea set in retrospot polka-dot design Category: kitchenware. Seasonality: none. Gifting: high. Price tier: mid. Impulse: low. Substitute group: tea_set.,Eleven-piece ceramic tea set in retrospot polka-dot design,kitchenware,none,high,durable,mid,low,tea_set
21212,Pack of 72 retrospot polka-dot paper cake cases for baking Category: baking. Seasonality: none. Gifting: low. Price tier: budget. Impulse: high. Substitute group: cake_cases.,Pack of 72 retrospot polka-dot paper cake cases for baking,baking,none,low,semi_durable,budget,high,cake_cases
22111,Hot water bottle with knitted Scottie dog cover Category: home_comfort. Seasonality: none. Gifting: high. Price tier: mid. Impulse: medium. Substitute group: hot_water_bottle.,Hot water bottle with knitted Scottie dog cover,home_comfort,none,high,durable,mid,medium,hot_water_bottle
21623,Vintage Union Jack memo board for notes and photos Category: home_decor. Seasonality: none. Gifting: medium. Price tier: premium. Impulse: low. Substitute group: memo_board.,Vintage Union Jack memo board for notes and photos,home_decor,none,medium,durable,premium,low,memo_board
21733,Red heart-shaped hanging tealight holder Category: home_decor. Seasonality: valentine. Gifting: high. Price tier: mid. Impulse: high. Substitute group: tlight_holder.,Red heart-shaped hanging tealight holder,home_decor,valentine,high,durable,mid,high,tlight_holder
84946,Antique silver etched tea glass Category: kitchenware. Seasonality: none. Gifting: medium. Price tier: budget. Impulse: high. Substitute group: tea_glass.,Antique silver etched tea glass,kitchenware,none,medium,durable,budget,high,tea_glass
22469,Small woven wicker heart decoration for hanging Category: home_decor. Seasonality: valentine. Gifting: high. Price tier: budget. Impulse: high. Substitute group: wicker_heart.,Small woven wicker heart decoration for hanging,home_decor,valentine,high,durable,budget,high,wicker_heart
21181,Novelty metal sign reading Please One Person Category: home_decor. Seasonality: none. Gifting: medium. Price tier: budget. Impulse: high. Substitute group: metal_sign.,Novelty metal sign reading Please One Person,home_decor,none,medium,durable,budget,high,metal_sign
21232,Strawberry-themed ceramic trinket box Category: home_decor. Seasonality: none. Gifting: medium. Price tier: budget. Impulse: high. Substitute group: trinket_box.,Strawberry-themed ceramic trinket box,home_decor,none,medium,durable,budget,high,trinket_box
22090,Retrospot polka-dot paper bunting decoration Category: party. Seasonality: none. Gifting: low. Price tier: mid. Impulse: medium. Substitute group: bunting.,Retrospot polka-dot paper bunting decoration,party,none,low,semi_durable,mid,medium,bunting
21929,Large reusable jumbo bag in pink vintage paisley print Category: bags. Seasonality: none. Gifting: low. Price tier: budget. Impulse: high. Substitute group: jumbo_bag.,Large reusable jumbo bag in pink vintage paisley print,bags,none,low,durable,budget,high,jumbo_bag
48194,Coir doormat with hearts design Category: home_decor. Seasonality: valentine. Gifting: medium. Price tier: mid. Impulse: low. Substitute group: doormat.,Coir doormat with hearts design,home_decor,valentine,medium,durable,mid,low,doormat
21731,Red toadstool-shaped LED night light Category: lighting. Seasonality: none. Gifting: high. Price tier: budget. Impulse: high. Substitute group: night_light.,Red toadstool-shaped LED night light,lighting,none,high,durable,budget,high,night_light
22457,Natural slate heart-shaped chalkboard Category: home_decor. Seasonality: valentine. Gifting: medium. Price tier: mid. Impulse: medium. Substitute group: chalkboard.,Natural slate heart-shaped chalkboard,home_decor,valentine,medium,durable,mid,medium,chalkboard
15056BL,Black Edwardian-style parasol sun umbrella Category: accessories. Seasonality: spring_summer. Gifting: medium. Price tier: mid. Impulse: low. Substitute group: parasol.,Black Edwardian-style parasol sun umbrella,accessories,spring_summer,medium,durable,mid,low,parasol
21754,Wooden building blocks spelling the word HOME Category: home_decor. Seasonality: none. Gifting: high. Price tier: mid. Impulse: low. Substitute group: block_word.,Wooden building blocks spelling the word HOME,home_decor,none,high,durable,mid,low,block_word
84029E,Hot water bottle with red woolly cover and white heart Category: home_comfort. Seasonality: valentine. Gifting: high. Price tier: mid. Impulse: medium. Substitute group: hot_water_bottle.,Hot water bottle with red woolly cover and white heart,home_comfort,valentine,high,durable,mid,medium,hot_water_bottle
48187,Coir doormat in New England design Category: home_decor. Seasonality: none. Gifting: medium. Price tier: mid. Impulse: low. Substitute group: doormat.,Coir doormat in New England design,home_decor,none,medium,durable,mid,low,doormat
21523,Coir doormat with fancy font Home Sweet Home text Category: home_decor. Seasonality: none. Gifting: medium. Price tier: mid. Impulse: low. Substitute group: doormat.,Coir doormat with fancy font Home Sweet Home text,home_decor,none,medium,durable,mid,low,doormat
21928,Large reusable jumbo bag in Scandinavian paisley print Category: bags. Seasonality: none. Gifting: low. Price tier: budget. Impulse: high. Substitute group: jumbo_bag.,Large reusable jumbo bag in Scandinavian paisley print,bags,none,low,durable,budget,high,jumbo_bag
22355,Lightweight folding charlotte shopping bag in Suki design Category: bags. Seasonality: none. Gifting: low. Price tier: budget. Impulse: high. Substitute group: charlotte_bag.,Lightweight folding charlotte shopping bag in Suki design,bags,none,low,durable,budget,high,charlotte_bag
71477,Coloured glass star-shaped tealight holder Category: home_decor. Seasonality: none. Gifting: medium. Price tier: mid. Impulse: high. Substitute group: tlight_holder.,Coloured glass star-shaped tealight holder,home_decor,none,medium,durable,mid,high,tlight_holder
20727,Insulated lunch bag in black skull design Category: bags. Seasonality: none. Gifting: low. Price tier: budget. Impulse: high. Substitute group: lunch_bag.,Insulated lunch bag in black skull design,bags,none,low,durable,budget,high,lunch_bag
48185,Coir doormat with fairy cake design Category: home_decor. Seasonality: none. Gifting: medium. Price tier: mid. Impulse: low. Substitute group: doormat.,Coir doormat with fairy cake design,home_decor,none,medium,durable,mid,low,doormat
22138,Nine-piece children's baking set in retrospot design Category: baking. Seasonality: none. Gifting: high. Price tier: mid. Impulse: low. Substitute group: baking_set.,Nine-piece children's baking set in retrospot design,baking,none,high,durable,mid,low,baking_set
22326,Set of four round wooden-look snack boxes in woodland design Category: kitchenware. Seasonality: none. Gifting: medium. Price tier: mid. Impulse: medium. Substitute group: snack_boxes.,Set of four round wooden-look snack boxes in woodland design,kitchenware,none,medium,durable,mid,medium,snack_boxes
21915,Red toy harmonica in a presentation box Category: toys. Seasonality: none. Gifting: medium. Price tier: budget. Impulse: high. Substitute group: toy_instrument.,Red toy harmonica in a presentation box,toys,none,medium,durable,budget,high,toy_instrument
82494L,Antique white wooden picture frame Category: home_decor. Seasonality: none. Gifting: medium. Price tier: mid. Impulse: medium. Substitute group: frame.,Antique white wooden picture frame,home_decor,none,medium,durable,mid,medium,frame
21175,Novelty metal sign reading Gin and Tonic Diet Category: home_decor. Seasonality: none. Gifting: medium. Price tier: budget. Impulse: high. Substitute group: metal_sign.,Novelty metal sign reading Gin and Tonic Diet,home_decor,none,medium,durable,budget,high,metal_sign
22383,Insulated lunch bag in Suki floral design Category: bags. Seasonality: none. Gifting: low. Price tier: budget. Impulse: high. Substitute group: lunch_bag.,Insulated lunch bag in Suki floral design,bags,none,low,durable,budget,high,lunch_bag
84078A,Set of four white retro storage cubes for the home Category: home_storage. Seasonality: none. Gifting: low. Price tier: premium. Impulse: low. Substitute group: storage_cubes.,Set of four white retro storage cubes for the home,home_storage,none,low,durable,premium,low,storage_cubes
23298,Spotty polka-dot fabric party bunting Category: party. Seasonality: none. Gifting: medium. Price tier: mid. Impulse: medium. Substitute group: bunting.,Spotty polka-dot fabric party bunting,party,none,medium,durable,mid,medium,bunting
20728,Insulated lunch bag in blue cars design for children Category: bags. Seasonality: none. Gifting: low. Price tier: budget. Impulse: high. Substitute group: lunch_bag.,Insulated lunch bag in blue cars design for children,bags,none,low,durable,budget,high,lunch_bag
82482,White-finish wooden picture frame Category: home_decor. Seasonality: none. Gifting: medium. Price tier: mid. Impulse: medium. Substitute group: frame.,White-finish wooden picture frame,home_decor,none,medium,durable,mid,medium,frame
23203,Large reusable jumbo bag in vintage doily print Category: bags. Seasonality: none. Gifting: low. Price tier: budget. Impulse: high. Substitute group: jumbo_bag.,Large reusable jumbo bag in vintage doily print,bags,none,low,durable,budget,high,jumbo_bag
20713,Large reusable jumbo bag in owls design Category: bags. Seasonality: none. Gifting: low. Price tier: budget. Impulse: high. Substitute group: jumbo_bag.,Large reusable jumbo bag in owls design,bags,none,low,durable,budget,high,jumbo_bag
22083,Make-your-own paper chain decoration kit in retrospot design Category: party. Seasonality: none. Gifting: medium. Price tier: mid. Impulse: medium. Substitute group: paper_chain_kit.,Make-your-own paper chain decoration kit in retrospot design,party,none,medium,semi_durable,mid,medium,paper_chain_kit
22328,Set of four round snack boxes in fruits design Category: kitchenware. Seasonality: none. Gifting: medium. Price tier: mid. Impulse: medium. Substitute group: snack_boxes.,Set of four round snack boxes in fruits design,kitchenware,none,medium,durable,mid,medium,snack_boxes
84997D,Pink three-piece children's mini polka-dot cutlery set Category: kitchenware. Seasonality: none. Gifting: medium. Price tier: mid. Impulse: medium. Substitute group: cutlery_set.,Pink three-piece children's mini polka-dot cutlery set,kitchenware,none,medium,durable,mid,medium,cutlery_set
22960,Jam-making set with glass jars and accessories Category: kitchenware. Seasonality: none. Gifting: high. Price tier: mid. Impulse: low. Substitute group: jam_making_set.,Jam-making set with glass jars and accessories,kitchenware,none,high,durable,mid,low,jam_making_set
85066,Cream sweetheart-style mini chest of drawers Category: home_storage. Seasonality: none. Gifting: high. Price tier: premium. Impulse: low. Substitute group: mini_chest.,Cream sweetheart-style mini chest of drawers,home_storage,none,high,durable,premium,low,mini_chest
82486,Set of three antique white wooden cabinets Category: home_storage. Seasonality: none. Gifting: medium. Price tier: mid. Impulse: low. Substitute group: cabinet.,Set of three antique white wooden cabinets,home_storage,none,medium,durable,mid,low,cabinet
22699,Roses Regency-style ceramic teacup and saucer Category: kitchenware. Seasonality: none. Gifting: high. Price tier: mid. Impulse: medium. Substitute group: teacup_saucer.,Roses Regency-style ceramic teacup and saucer,kitchenware,none,high,durable,mid,medium,teacup_saucer
20726,Insulated lunch bag in woodland design Category: bags. Seasonality: none. Gifting: low. Price tier: budget. Impulse: high. Substitute group: lunch_bag.,Insulated lunch bag in woodland design,bags,none,low,durable,budget,high,lunch_bag
21485,Hot water bottle with retrospot heart cover Category: home_comfort. Seasonality: valentine. Gifting: high. Price tier: mid. Impulse: medium. Substitute group: hot_water_bottle.,Hot water bottle with retrospot heart cover,home_comfort,valentine,high,durable,mid,medium,hot_water_bottle
22629,Children's Spaceboy-design lunch box Category: kitchenware. Seasonality: none. Gifting: medium. Price tier: budget. Impulse: high. Substitute group: lunch_box.,Children's Spaceboy-design lunch box,kitchenware,none,medium,durable,budget,high,lunch_box
21166,Novelty metal sign reading Cook With Wine Category: home_decor. Seasonality: none. Gifting: medium. Price tier: budget. Impulse: high. Substitute group: metal_sign.,Novelty metal sign reading Cook With Wine,home_decor,none,medium,durable,budget,high,metal_sign
23284,Coir doormat reading Keep Calm and Come In Category: home_decor. Seasonality: none. Gifting: medium. Price tier: mid. Impulse: low. Substitute group: doormat.,Coir doormat reading Keep Calm and Come In,home_decor,none,medium,durable,mid,low,doormat
22720,Set of three nesting cake tins in pantry design Category: kitchenware. Seasonality: none. Gifting: high. Price tier: mid. Impulse: low. Substitute group: cake_tins.,Set of three nesting cake tins in pantry design,kitchenware,none,high,durable,mid,low,cake_tins
20712,Large reusable jumbo bag in woodland animals design Category: bags. Seasonality: none. Gifting: low. Price tier: budget. Impulse: high. Substitute group: jumbo_bag.,Large reusable jumbo bag in woodland animals design,bags,none,low,durable,budget,high,jumbo_bag
22727,Red Bakelite-style retro alarm clock Category: home_decor. Seasonality: none. Gifting: high. Price tier: mid. Impulse: medium. Substitute group: alarm_clock.,Red Bakelite-style retro alarm clock,home_decor,none,high,durable,mid,medium,alarm_clock
21524,Coir doormat with spotty Home Sweet Home design Category: home_decor. Seasonality: none. Gifting: medium. Price tier: mid. Impulse: low. Substitute group: doormat.,Coir doormat with spotty Home Sweet Home design,home_decor,none,medium,durable,mid,low,doormat
21755,Wooden building blocks spelling the word LOVE Category: home_decor. Seasonality: valentine. Gifting: high. Price tier: mid. Impulse: low. Substitute group: block_word.,Wooden building blocks spelling the word LOVE,home_decor,valentine,high,durable,mid,low,block_word
20724,Folding charlotte shopping bag in red retrospot print Category: bags. Seasonality: none. Gifting: low. Price tier: budget. Impulse: high. Substitute group: charlotte_bag.,Folding charlotte shopping bag in red retrospot print,bags,none,low,durable,budget,high,charlotte_bag
22379,Reusable recycling bag in retrospot design Category: bags. Seasonality: none. Gifting: low. Price tier: budget. Impulse: medium. Substitute group: recycling_bag.,Reusable recycling bag in retrospot design,bags,none,low,durable,budget,medium,recycling_bag
84997B,Red three-piece children's mini polka-dot cutlery set Category: kitchenware. Seasonality: none. Gifting: medium. Price tier: mid. Impulse: medium. Substitute group: cutlery_set.,Red three-piece children's mini polka-dot cutlery set,kitchenware,none,medium,durable,mid,medium,cutlery_set
21479,Hot water bottle with white skull cover Category: home_comfort. Seasonality: none. Gifting: medium. Price tier: mid. Impulse: medium. Substitute group: hot_water_bottle.,Hot water bottle with white skull cover,home_comfort,none,medium,durable,mid,medium,hot_water_bottle
22384,Insulated lunch bag in pink polka-dot design Category: bags. Seasonality: none. Gifting: low. Price tier: budget. Impulse: high. Substitute group: lunch_bag.,Insulated lunch bag in pink polka-dot design,bags,none,low,durable,budget,high,lunch_bag
22666,Recipe box in yellow pantry design for storing recipe cards Category: kitchenware. Seasonality: none. Gifting: high. Price tier: mid. Impulse: medium. Substitute group: recipe_box.,Recipe box in yellow pantry design for storing recipe cards,kitchenware,none,high,durable,mid,medium,recipe_box
22382,Insulated lunch bag in Spaceboy design Category: bags. Seasonality: none. Gifting: low. Price tier: budget. Impulse: high. Substitute group: lunch_bag.,Insulated lunch bag in Spaceboy design,bags,none,low,durable,budget,high,lunch_bag
22630,Children's Dolly Girl design lunch box Category: kitchenware. Seasonality: none. Gifting: medium. Price tier: budget. Impulse: high. Substitute group: lunch_box.,Children's Dolly Girl design lunch box,kitchenware,none,medium,durable,budget,high,lunch_box
22726,Green Bakelite-style retro alarm clock Category: home_decor. Seasonality: none. Gifting: high. Price tier: mid. Impulse: medium. Substitute group: alarm_clock.,Green Bakelite-style retro alarm clock,home_decor,none,high,durable,mid,medium,alarm_clock
22865,Reusable hand warmer with owl design Category: accessories. Seasonality: none. Gifting: medium. Price tier: budget. Impulse: high. Substitute group: hand_warmer.,Reusable hand warmer with owl design,accessories,none,medium,durable,budget,high,hand_warmer
22188,Black heart-shaped greeting card display holder Category: home_decor. Seasonality: valentine. Gifting: medium. Price tier: mid. Impulse: medium. Substitute group: card_holder.,Black heart-shaped greeting card display holder,home_decor,valentine,medium,durable,mid,medium,card_holder
15036,Assorted colour silk hand fan Category: accessories. Seasonality: spring_summer. Gifting: low. Price tier: budget. Impulse: high. Substitute group: silk_fan.,Assorted colour silk hand fan,accessories,spring_summer,low,durable,budget,high,silk_fan
84997C,Blue three-piece children's mini polka-dot cutlery set Category: kitchenware. Seasonality: none. Gifting: medium. Price tier: mid. Impulse: medium. Substitute group: cutlery_set.,Blue three-piece children's mini polka-dot cutlery set,kitchenware,none,medium,durable,mid,medium,cutlery_set
22385,Large reusable jumbo bag in Spaceboy design Category: bags. Seasonality: none. Gifting: low. Price tier: budget. Impulse: high. Substitute group: jumbo_bag.,Large reusable jumbo bag in Spaceboy design,bags,none,low,durable,budget,high,jumbo_bag
22077,Set of six rustic charm decorative ribbons Category: craft. Seasonality: none. Gifting: low. Price tier: budget. Impulse: medium. Substitute group: ribbon.,Set of six rustic charm decorative ribbons,craft,none,low,semi_durable,budget,medium,ribbon
22622,Box of vintage-style wooden alphabet blocks Category: toys. Seasonality: none. Gifting: high. Price tier: premium. Impulse: low. Substitute group: wooden_blocks.,Box of vintage-style wooden alphabet blocks,toys,none,high,durable,premium,low,wooden_blocks
85152,Novelty metal sign reading Hand Over The Chocolate Category: home_decor. Seasonality: none. Gifting: medium. Price tier: budget. Impulse: high. Substitute group: metal_sign.,Novelty metal sign reading Hand Over The Chocolate,home_decor,none,medium,durable,budget,high,metal_sign
84029G,Hot water bottle with knitted Union Flag cover Category: home_comfort. Seasonality: none. Gifting: high. Price tier: mid. Impulse: medium. Substitute group: hot_water_bottle.,Hot water bottle with knitted Union Flag cover,home_comfort,none,high,durable,mid,medium,hot_water_bottle
48184,Coir doormat in English rose design Category: home_decor. Seasonality: none. Gifting: medium. Price tier: mid. Impulse: low. Substitute group: doormat.,Coir doormat in English rose design,home_decor,none,medium,durable,mid,low,doormat
22697,Green Regency-style ceramic teacup and saucer Category: kitchenware. Seasonality: none. Gifting: high. Price tier: mid. Impulse: medium. Substitute group: teacup_saucer.,Green Regency-style ceramic teacup and saucer,kitchenware,none,high,durable,mid,medium,teacup_saucer
22659,Lunch box with I Love London design Category: kitchenware. Seasonality: none. Gifting: medium. Price tier: budget. Impulse: high. Substitute group: lunch_box.,Lunch box with I Love London design,kitchenware,none,medium,durable,budget,high,lunch_box
23245,Set of three Regency-style cake tins Category: kitchenware. Seasonality: none. Gifting: high. Price tier: mid. Impulse: low. Substitute group: cake_tins.,Set of three Regency-style cake tins,kitchenware,none,high,durable,mid,low,cake_tins
85014B,Red retrospot polka-dot umbrella Category: accessories. Seasonality: none. Gifting: medium. Price tier: mid. Impulse: medium. Substitute group: umbrella.,Red retrospot polka-dot umbrella,accessories,none,medium,durable,mid,medium,umbrella
22501,Large wicker picnic basket Category: outdoor. Seasonality: spring_summer. Gifting: high. Price tier: premium. Impulse: low. Substitute group: picnic_basket.,Large wicker picnic basket,outdoor,spring_summer,high,durable,premium,low,picnic_basket
22752,Set of seven nesting Babushka storage boxes Category: home_storage. Seasonality: none. Gifting: high. Price tier: premium. Impulse: low. Substitute group: nesting_boxes.,Set of seven nesting Babushka storage boxes,home_storage,none,high,durable,premium,low,nesting_boxes
20679,Red Edwardian-style parasol sun umbrella Category: accessories. Seasonality: spring_summer. Gifting: medium. Price tier: mid. Impulse: low. Substitute group: parasol.,Red Edwardian-style parasol sun umbrella,accessories,spring_summer,medium,durable,mid,low,parasol
22158,Three rustic hanging heart decorations Category: home_decor. Seasonality: valentine. Gifting: high. Price tier: mid. Impulse: medium. Substitute group: hanging_heart.,Three rustic hanging heart decorations,home_decor,valentine,high,durable,mid,medium,hanging_heart
21217,"Red retrospot round cake tins, nested set Category: kitchenware. Seasonality: none. Gifting: high. Price tier: premium. Impulse: low. Substitute group: cake_tins.","Red retrospot round cake tins, nested set",kitchenware,none,high,durable,premium,low,cake_tins
23199,Large reusable jumbo bag in apples design Category: bags. Seasonality: none. Gifting: low. Price tier: budget. Impulse: high. Substitute group: jumbo_bag.,Large reusable jumbo bag in apples design,bags,none,low,durable,budget,high,jumbo_bag
22866,Reusable hand warmer with Scotty dog design Category: accessories. Seasonality: none. Gifting: medium. Price tier: budget. Impulse: high. Substitute group: hand_warmer.,Reusable hand warmer with Scotty dog design,accessories,none,medium,durable,budget,high,hand_warmer
82483,White-finish wooden two-drawer cabinet Category: home_storage. Seasonality: none. Gifting: medium. Price tier: mid. Impulse: low. Substitute group: cabinet.,White-finish wooden two-drawer cabinet,home_storage,none,medium,durable,mid,low,cabinet
47590B,Pink Happy Birthday party bunting Category: party. Seasonality: none. Gifting: medium. Price tier: mid. Impulse: medium. Substitute group: bunting.,Pink Happy Birthday party bunting,party,none,medium,durable,mid,medium,bunting
22867,Reusable hand warmer with bird design Category: accessories. Seasonality: none. Gifting: medium. Price tier: budget. Impulse: high. Substitute group: hand_warmer.,Reusable hand warmer with bird design,accessories,none,medium,durable,budget,high,hand_warmer
22467,Gumball-machine style coat rack Category: home_decor. Seasonality: none. Gifting: medium. Price tier: mid. Impulse: low. Substitute group: coat_rack.,Gumball-machine style coat rack,home_decor,none,medium,durable,mid,low,coat_rack
22492,Mini vintage-style paint set Category: craft. Seasonality: none. Gifting: medium. Price tier: budget. Impulse: high. Substitute group: paint_set.,Mini vintage-style paint set,craft,none,medium,semi_durable,budget,high,paint_set
20971,Pink and blue felt craft trinket box Category: home_decor. Seasonality: none. Gifting: medium. Price tier: budget. Impulse: high. Substitute group: trinket_box.,Pink and blue felt craft trinket box,home_decor,none,medium,durable,budget,high,trinket_box
23355,Hot water bottle with Keep Calm design cover Category: home_comfort. Seasonality: none. Gifting: high. Price tier: mid. Impulse: medium. Substitute group: hot_water_bottle.,Hot water bottle with Keep Calm design cover,home_comfort,none,high,durable,mid,medium,hot_water_bottle
48188,Coir doormat with Welcome Puppies design Category: home_decor. Seasonality: none. Gifting: medium. Price tier: mid. Impulse: low. Substitute group: doormat.,Coir doormat with Welcome Puppies design,home_decor,none,medium,durable,mid,low,doormat
84978,Hanging heart jar tealight holder Category: home_decor. Seasonality: valentine. Gifting: medium. Price tier: budget. Impulse: high. Substitute group: tlight_holder.,Hanging heart jar tealight holder,home_decor,valentine,medium,durable,budget,high,tlight_holder
22835,Hot water bottle with I Am So Poorly knitted cover Category: home_comfort. Seasonality: none. Gifting: high. Price tier: mid. Impulse: medium. Substitute group: hot_water_bottle.,Hot water bottle with I Am So Poorly knitted cover,home_comfort,none,high,durable,mid,medium,hot_water_bottle
82583,Novelty metal sign reading Hot Baths Category: home_decor. Seasonality: none. Gifting: medium. Price tier: budget. Impulse: high. Substitute group: metal_sign.,Novelty metal sign reading Hot Baths,home_decor,none,medium,durable,budget,high,metal_sign
21977,Pack of 60 pink paisley paper cake cases for baking Category: baking. Seasonality: none. Gifting: low. Price tier: budget. Impulse: high. Substitute group: cake_cases.,Pack of 60 pink paisley paper cake cases for baking,baking,none,low,semi_durable,budget,high,cake_cases
20719,Folding charlotte shopping bag in woodland design Category: bags. Seasonality: none. Gifting: low. Price tier: budget. Impulse: high. Substitute group: charlotte_bag.,Folding charlotte shopping bag in woodland design,bags,none,low,durable,budget,high,charlotte_bag
22961,Printed jam-making set with labels and covers Category: kitchenware. Seasonality: none. Gifting: medium. Price tier: budget. Impulse: medium. Substitute group: jam_making_set.,Printed jam-making set with labels and covers,kitchenware,none,medium,semi_durable,budget,medium,jam_making_set
22624,Ivory retro kitchen weighing scales Category: kitchenware. Seasonality: none. Gifting: high. Price tier: premium. Impulse: low. Substitute group: kitchen_scales.,Ivory retro kitchen weighing scales,kitchenware,none,high,durable,premium,low,kitchen_scales
21930,Large reusable jumbo storage bag in skulls design Category: bags. Seasonality: none. Gifting: low. Price tier: budget. Impulse: high. Substitute group: jumbo_bag.,Large reusable jumbo storage bag in skulls design,bags,none,low,durable,budget,high,jumbo_bag
72741,Grand chocolate-scented candle Category: candles. Seasonality: none. Gifting: medium. Price tier: budget. Impulse: high. Substitute group: candle.,Grand chocolate-scented candle,candles,none,medium,semi_durable,budget,high,candle
23201,Large reusable jumbo bag in alphabet design Category: bags. Seasonality: none. Gifting: low. Price tier: budget. Impulse: high. Substitute group: jumbo_bag.,Large reusable jumbo bag in alphabet design,bags,none,low,durable,budget,high,jumbo_bag
20750,"Red retrospot mini storage cases, nested set Category: home_storage. Seasonality: none. Gifting: medium. Price tier: mid. Impulse: low. Substitute group: storage_cases.","Red retrospot mini storage cases, nested set",home_storage,none,medium,durable,mid,low,storage_cases
84991,Pack of 60 teatime fairy cake paper cases for baking Category: baking. Seasonality: none. Gifting: low. Price tier: budget. Impulse: high. Substitute group: cake_cases.,Pack of 60 teatime fairy cake paper cases for baking,baking,none,low,semi_durable,budget,high,cake_cases
71459,Hanging jam jar tealight holder Category: home_decor. Seasonality: none. Gifting: low. Price tier: budget. Impulse: high. Substitute group: tlight_holder.,Hanging jam jar tealight holder,home_decor,none,low,durable,budget,high,tlight_holder
22734,Set of six vintage Christmas decorative ribbons Category: christmas_decor. Seasonality: christmas. Gifting: low. Price tier: mid. Impulse: medium. Substitute group: ribbon.,Set of six vintage Christmas decorative ribbons,christmas_decor,christmas,low,semi_durable,mid,medium,ribbon
21481,Fawn and blue hot water bottle Category: home_comfort. Seasonality: none. Gifting: medium. Price tier: mid. Impulse: medium. Substitute group: hot_water_bottle.,Fawn and blue hot water bottle,home_comfort,none,medium,durable,mid,medium,hot_water_bottle
22149,Felt craft kit making six flower friends Category: craft. Seasonality: none. Gifting: medium. Price tier: budget. Impulse: medium. Substitute group: felt_craft.,Felt craft kit making six flower friends,craft,none,medium,semi_durable,budget,medium,felt_craft
22507,Memo board in retrospot design Category: home_decor. Seasonality: none. Gifting: medium. Price tier: mid. Impulse: medium. Substitute group: memo_board.,Memo board in retrospot design,home_decor,none,medium,durable,mid,medium,memo_board
48111,Coir doormat with three smiley cats design Category: home_decor. Seasonality: none. Gifting: medium. Price tier: mid. Impulse: low. Substitute group: doormat.,Coir doormat with three smiley cats design,home_decor,none,medium,durable,mid,low,doormat
22551,Tin of novelty plasters in Spaceboy design Category: novelty. Seasonality: none. Gifting: low. Price tier: budget. Impulse: high. Substitute group: plasters_tin.,Tin of novelty plasters in Spaceboy design,novelty,none,low,semi_durable,budget,high,plasters_tin
82600,Novelty metal sign reading No Singing Category: home_decor. Seasonality: none. Gifting: medium. Price tier: budget. Impulse: high. Substitute group: metal_sign.,Novelty metal sign reading No Singing,home_decor,none,medium,durable,budget,high,metal_sign
20711,Large reusable jumbo bag in toys design Category: bags. Seasonality: none. Gifting: low. Price tier: budget. Impulse: high. Substitute group: jumbo_bag.,Large reusable jumbo bag in toys design,bags,none,low,durable,budget,high,jumbo_bag
21080,Set of 20 red retrospot paper napkins Category: party. Seasonality: none. Gifting: low. Price tier: budget. Impulse: high. Substitute group: paper_napkins.,Set of 20 red retrospot paper napkins,party,none,low,semi_durable,budget,high,paper_napkins
47566B,Tea Time party bunting decoration Category: party. Seasonality: none. Gifting: medium. Price tier: mid. Impulse: medium. Substitute group: bunting.,Tea Time party bunting decoration,party,none,medium,durable,mid,medium,bunting
21108,Assorted colour fairy cake design flannel Category: bathroom. Seasonality: none. Gifting: low. Price tier: budget. Impulse: high. Substitute group: flannel.,Assorted colour fairy cake design flannel,bathroom,none,low,semi_durable,budget,high,flannel
21527,Red retrospot traditional ceramic teapot Category: kitchenware. Seasonality: none. Gifting: high. Price tier: mid. Impulse: low. Substitute group: teapot.,Red retrospot traditional ceramic teapot,kitchenware,none,high,durable,mid,low,teapot
22087,White lace paper bunting decoration Category: party. Seasonality: none. Gifting: low. Price tier: mid. Impulse: medium. Substitute group: bunting.,White lace paper bunting decoration,party,none,low,semi_durable,mid,medium,bunting
22084,Make-your-own paper chain decoration kit in empire design Category: party. Seasonality: none. Gifting: medium. Price tier: mid. Impulse: medium. Substitute group: paper_chain_kit.,Make-your-own paper chain decoration kit in empire design,party,none,medium,semi_durable,mid,medium,paper_chain_kit
84755,Hanging coloured glass tealight holder Category: home_decor. Seasonality: none. Gifting: low. Price tier: budget. Impulse: high. Substitute group: tlight_holder.,Hanging coloured glass tealight holder,home_decor,none,low,durable,budget,high,tlight_holder
37503,Tea time cake stand presented in a gift box Category: kitchenware. Seasonality: none. Gifting: high. Price tier: premium. Impulse: low. Substitute group: cake_stand.,Tea time cake stand presented in a gift box,kitchenware,none,high,durable,premium,low,cake_stand
21314,Small glass heart-shaped trinket pot Category: home_decor. Seasonality: valentine. Gifting: medium. Price tier: budget. Impulse: high. Substitute group: trinket_box.,Small glass heart-shaped trinket pot,home_decor,valentine,medium,durable,budget,high,trinket_box
84077,Assorted design World War 2 toy gliders Category: toys. Seasonality: none. Gifting: low. Price tier: budget. Impulse: high. Substitute group: toy_glider.,Assorted design World War 2 toy gliders,toys,none,low,semi_durable,budget,high,toy_glider
20972,Pink and cream felt craft trinket box Category: home_decor. Seasonality: none. Gifting: medium. Price tier: budget. Impulse: high. Substitute group: trinket_box.,Pink and cream felt craft trinket box,home_decor,none,medium,durable,budget,high,trinket_box
23173,Regency-style ceramic teapot with roses Category: kitchenware. Seasonality: none. Gifting: high. Price tier: premium. Impulse: low. Substitute group: teapot.,Regency-style ceramic teapot with roses,kitchenware,none,high,durable,premium,low,teapot
22728,Pink Bakelite-style retro alarm clock Category: home_decor. Seasonality: none. Gifting: high. Price tier: mid. Impulse: medium. Substitute group: alarm_clock.,Pink Bakelite-style retro alarm clock,home_decor,none,high,durable,mid,medium,alarm_clock
84836,Zinc metal heart decoration Category: home_decor. Seasonality: valentine. Gifting: medium. Price tier: budget. Impulse: high. Substitute group: hanging_heart.,Zinc metal heart decoration,home_decor,valentine,medium,durable,budget,high,hanging_heart
21231,Sweetheart-style ceramic trinket box Category: home_decor. Seasonality: valentine. Gifting: medium. Price tier: budget. Impulse: high. Substitute group: trinket_box.,Sweetheart-style ceramic trinket box,home_decor,valentine,medium,durable,budget,high,trinket_box
47590A,Blue Happy Birthday party bunting Category: party. Seasonality: none. Gifting: medium. Price tier: mid. Impulse: medium. Substitute group: bunting.,Blue Happy Birthday party bunting,party,none,medium,durable,mid,medium,bunting
22722,Set of six spice tins in pantry design Category: kitchenware. Seasonality: none. Gifting: high. Price tier: mid. Impulse: low. Substitute group: spice_tins.,Set of six spice tins in pantry design,kitchenware,none,high,durable,mid,low,spice_tins
22698,Pink Regency-style ceramic teacup and saucer Category: kitchenware. Seasonality: none. Gifting: high. Price tier: mid. Impulse: medium. Substitute group: teacup_saucer.,Pink Regency-style ceramic teacup and saucer,kitchenware,none,high,durable,mid,medium,teacup_saucer
22171,Three-hook antique white photo display shelf Category: home_decor. Seasonality: none. Gifting: medium. Price tier: premium. Impulse: low. Substitute group: photo_shelf.,Three-hook antique white photo display shelf,home_decor,none,medium,durable,premium,low,photo_shelf
21258,Large Victorian-style sewing box Category: craft. Seasonality: none. Gifting: high. Price tier: premium. Impulse: low. Substitute group: sewing_box.,Large Victorian-style sewing box,craft,none,high,durable,premium,low,sewing_box
21790,Pack of vintage-style snap playing cards Category: toys. Seasonality: none. Gifting: low. Price tier: budget. Impulse: high. Substitute group: card_game.,Pack of vintage-style snap playing cards,toys,none,low,semi_durable,budget,high,card_game
22625,Red retro kitchen weighing scales Category: kitchenware. Seasonality: none. Gifting: high. Price tier: premium. Impulse: low. Substitute group: kitchen_scales.,Red retro kitchen weighing scales,kitchenware,none,high,durable,premium,low,kitchen_scales
21955,Coir doormat in Union Jack Guns and Roses design Category: home_decor. Seasonality: none. Gifting: medium. Price tier: mid. Impulse: low. Substitute group: doormat.,Coir doormat in Union Jack Guns and Roses design,home_decor,none,medium,durable,mid,low,doormat
21791,Vintage heads-and-tails card game Category: toys. Seasonality: none. Gifting: low. Price tier: budget. Impulse: high. Substitute group: card_game.,Vintage heads-and-tails card game,toys,none,low,semi_durable,budget,high,card_game
84406B,Cream cupid hearts decorative coat hanger Category: home_decor. Seasonality: valentine. Gifting: medium. Price tier: mid. Impulse: medium. Substitute group: coat_hanger.,Cream cupid hearts decorative coat hanger,home_decor,valentine,medium,durable,mid,medium,coat_hanger
23344,Large reusable jumbo bag in 1950s Christmas design Category: bags. Seasonality: christmas. Gifting: low. Price tier: budget. Impulse: high. Substitute group: jumbo_bag.,Large reusable jumbo bag in 1950s Christmas design,bags,christmas,low,durable,budget,high,jumbo_bag
22605,Wooden croquet garden game set Category: outdoor. Seasonality: spring_summer. Gifting: high. Price tier: premium. Impulse: low. Substitute group: garden_game.,Wooden croquet garden game set,outdoor,spring_summer,high,durable,premium,low,garden_game
23243,"Set of tea, coffee and sugar storage tins in pantry design Category: kitchenware. Seasonality: none. Gifting: high. Price tier: mid. Impulse: low. Substitute group: canister_set.","Set of tea, coffee and sugar storage tins in pantry design",kitchenware,none,high,durable,mid,low,canister_set
48173C,Black flock coir doormat Category: home_decor. Seasonality: none. Gifting: medium. Price tier: mid. Impulse: low. Substitute group: doormat.,Black flock coir doormat,home_decor,none,medium,durable,mid,low,doormat
22554,Tin of novelty plasters in woodland animals design Category: novelty. Seasonality: none. Gifting: low. Price tier: budget. Impulse: high. Substitute group: plasters_tin.,Tin of novelty plasters in woodland animals design,novelty,none,low,semi_durable,budget,high,plasters_tin
22113,Hot water bottle with grey heart cover Category: home_comfort. Seasonality: valentine. Gifting: medium. Price tier: mid. Impulse: medium. Substitute group: hot_water_bottle.,Hot water bottle with grey heart cover,home_comfort,valentine,medium,durable,mid,medium,hot_water_bottle
22607,Wooden rounders garden game set Category: outdoor. Seasonality: spring_summer. Gifting: high. Price tier: premium. Impulse: low. Substitute group: garden_game.,Wooden rounders garden game set,outdoor,spring_summer,high,durable,premium,low,garden_game
22585,Pack of six birdy design gift tags Category: stationery. Seasonality: none. Gifting: low. Price tier: budget. Impulse: high. Substitute group: gift_tags.,Pack of six birdy design gift tags,stationery,none,low,semi_durable,budget,high,gift_tags
21936,Red retrospot insulated picnic bag Category: bags. Seasonality: spring_summer. Gifting: medium. Price tier: mid. Impulse: medium. Substitute group: picnic_bag.,Red retrospot insulated picnic bag,bags,spring_summer,medium,durable,mid,medium,picnic_bag
20749,"Assorted colour mini storage cases, nested set Category: home_storage. Seasonality: none. Gifting: medium. Price tier: mid. Impulse: low. Substitute group: storage_cases.","Assorted colour mini storage cases, nested set",home_storage,none,medium,durable,mid,low,storage_cases
37449,Ceramic cake stand with hanging cake ornaments Category: kitchenware. Seasonality: none. Gifting: high. Price tier: premium. Impulse: low. Substitute group: cake_stand.,Ceramic cake stand with hanging cake ornaments,kitchenware,none,high,durable,premium,low,cake_stand
22556,Tin of novelty plasters in circus parade design Category: novelty. Seasonality: none. Gifting: low. Price tier: budget. Impulse: high. Substitute group: plasters_tin.,Tin of novelty plasters in circus parade design,novelty,none,low,semi_durable,budget,high,plasters_tin
22941,String of ten reindeer-shaped Christmas lights Category: christmas_decor. Seasonality: christmas. Gifting: high. Price tier: premium. Impulse: medium. Substitute group: string_lights.,String of ten reindeer-shaped Christmas lights,christmas_decor,christmas,high,durable,premium,medium,string_lights
22969,Homemade jam scented candles Category: candles. Seasonality: none. Gifting: medium. Price tier: budget. Impulse: high. Substitute group: candle.,Homemade jam scented candles,candles,none,medium,semi_durable,budget,high,candle
22632,Reusable hand warmer in red retrospot design Category: accessories. Seasonality: none. Gifting: medium. Price tier: budget. Impulse: high. Substitute group: hand_warmer.,Reusable hand warmer in red retrospot design,accessories,none,medium,durable,budget,high,hand_warmer
84970S,Small hanging heart zinc tealight holder Category: home_decor. Seasonality: valentine. Gifting: medium. Price tier: budget. Impulse: high. Substitute group: tlight_holder.,Small hanging heart zinc tealight holder,home_decor,valentine,medium,durable,budget,high,tlight_holder
85014A,Black and blue polka-dot umbrella Category: accessories. Seasonality: none. Gifting: medium. Price tier: mid. Impulse: medium. Substitute group: umbrella.,Black and blue polka-dot umbrella,accessories,none,medium,durable,mid,medium,umbrella
21210,Set of 72 retrospot paper doilies Category: baking. Seasonality: none. Gifting: low. Price tier: budget. Impulse: high. Substitute group: doilies.,Set of 72 retrospot paper doilies,baking,none,low,semi_durable,budget,high,doilies
22499,Wooden Union Jack bunting decoration Category: party. Seasonality: none. Gifting: medium. Price tier: mid. Impulse: medium. Substitute group: bunting.,Wooden Union Jack bunting decoration,party,none,medium,durable,mid,medium,bunting
22456,Large natural slate chalkboard Category: home_decor. Seasonality: none. Gifting: medium. Price tier: mid. Impulse: low. Substitute group: chalkboard.,Large natural slate chalkboard,home_decor,none,medium,durable,mid,low,chalkboard
23202,Large reusable jumbo bag in vintage leaf design Category: bags. Seasonality: none. Gifting: low. Price tier: budget. Impulse: high. Substitute group: jumbo_bag.,Large reusable jumbo bag in vintage leaf design,bags,none,low,durable,budget,high,jumbo_bag
85048,15cm Christmas glass ball with 20 internal lights Category: christmas_decor. Seasonality: christmas. Gifting: high. Price tier: premium. Impulse: medium. Substitute group: christmas_light.,15cm Christmas glass ball with 20 internal lights,christmas_decor,christmas,high,durable,premium,medium,christmas_light
21213,Pack of 72 skull design paper cake cases Category: baking. Seasonality: none. Gifting: low. Price tier: budget. Impulse: high. Substitute group: cake_cases.,Pack of 72 skull design paper cake cases,baking,none,low,semi_durable,budget,high,cake_cases
22570,Felt craft rabbit cushion Category: home_decor. Seasonality: easter. Gifting: medium. Price tier: mid. Impulse: medium. Substitute group: cushion.,Felt craft rabbit cushion,home_decor,easter,medium,durable,mid,medium,cushion
23209,Insulated lunch bag in vintage doily design Category: bags. Seasonality: none. Gifting: low. Price tier: budget. Impulse: high. Substitute group: lunch_bag.,Insulated lunch bag in vintage doily design,bags,none,low,durable,budget,high,lunch_bag
22424,Cream enamel bread bin Category: kitchenware. Seasonality: none. Gifting: high. Price tier: premium. Impulse: low. Substitute group: bread_bin.,Cream enamel bread bin,kitchenware,none,high,durable,premium,low,bread_bin
22356,Folding charlotte shopping bag in pink polka-dot print Category: bags. Seasonality: none. Gifting: low. Price tier: budget. Impulse: high. Substitute group: charlotte_bag.,Folding charlotte shopping bag in pink polka-dot print,bags,none,low,durable,budget,high,charlotte_bag
22294,Small heart filigree dove hanging decoration Category: home_decor. Seasonality: valentine. Gifting: medium. Price tier: budget. Impulse: high. Substitute group: hanging_decoration.,Small heart filigree dove hanging decoration,home_decor,valentine,medium,durable,budget,high,hanging_decoration
22617,Children's baking set in Spaceboy design Category: baking. Seasonality: none. Gifting: high. Price tier: mid. Impulse: low. Substitute group: baking_set.,Children's baking set in Spaceboy design,baking,none,high,durable,mid,low,baking_set
21218,Red spotty biscuit storage tin Category: kitchenware. Seasonality: none. Gifting: medium. Price tier: mid. Impulse: medium. Substitute group: biscuit_tin.,Red spotty biscuit storage tin,kitchenware,none,medium,durable,mid,medium,biscuit_tin
22568,Felt craft owl cushion Category: home_decor. Seasonality: none. Gifting: medium. Price tier: mid. Impulse: medium. Substitute group: cushion.,Felt craft owl cushion,home_decor,none,medium,durable,mid,medium,cushion
22569,Felt craft butterfly cushion Category: home_decor. Seasonality: none. Gifting: medium. Price tier: mid. Impulse: medium. Substitute group: cushion.,Felt craft butterfly cushion,home_decor,none,medium,durable,mid,medium,cushion
23206,Insulated lunch bag in apple design Category: bags. Seasonality: none. Gifting: low. Price tier: budget. Impulse: high. Substitute group: lunch_bag.,Insulated lunch bag in apple design,bags,none,low,durable,budget,high,lunch_bag
48116,Multicolour stripe coir doormat Category: home_decor. Seasonality: none. Gifting: medium. Price tier: mid. Impulse: low. Substitute group: doormat.,Multicolour stripe coir doormat,home_decor,none,medium,durable,mid,low,doormat
21559,Strawberry lunch box with cutlery for children Category: kitchenware. Seasonality: none. Gifting: medium. Price tier: mid. Impulse: high. Substitute group: lunch_box.,Strawberry lunch box with cutlery for children,kitchenware,none,medium,durable,mid,high,lunch_box
20723,Folding charlotte shopping bag in strawberry print Category: bags. Seasonality: none. Gifting: low. Price tier: budget. Impulse: high. Substitute group: charlotte_bag.,Folding charlotte shopping bag in strawberry print,bags,none,low,durable,budget,high,charlotte_bag
85150,Novelty metal sign reading Ladies and Gentlemen Category: home_decor. Seasonality: none. Gifting: medium. Price tier: budget. Impulse: high. Substitute group: metal_sign.,Novelty metal sign reading Ladies and Gentlemen,home_decor,none,medium,durable,budget,high,metal_sign
22900,Set of two I Love London tea towels Category: kitchenware. Seasonality: none. Gifting: medium. Price tier: mid. Impulse: medium. Substitute group: tea_towels.,Set of two I Love London tea towels,kitchenware,none,medium,durable,mid,medium,tea_towels
21216,"Set of three retrospot tea, coffee and sugar canisters Category: kitchenware. Seasonality: none. Gifting: high. Price tier: mid. Impulse: low. Substitute group: canister_set.","Set of three retrospot tea, coffee and sugar canisters",kitchenware,none,high,durable,mid,low,canister_set
22693,Grow-your-own flytrap or sunflower kit in a tin Category: garden. Seasonality: spring_summer. Gifting: medium. Price tier: budget. Impulse: high. Substitute group: grow_kit.,Grow-your-own flytrap or sunflower kit in a tin,garden,spring_summer,medium,semi_durable,budget,high,grow_kit
22273,Felt craft Molly doll making kit Category: craft. Seasonality: none. Gifting: medium. Price tier: mid. Impulse: medium. Substitute group: felt_doll.,Felt craft Molly doll making kit,craft,none,medium,durable,mid,medium,felt_doll
21622,Vintage Union Jack cushion cover Category: home_decor. Seasonality: none. Gifting: medium. Price tier: mid. Impulse: low. Substitute group: cushion.,Vintage Union Jack cushion cover,home_decor,none,medium,durable,mid,low,cushion
22558,Pack of 24 retrospot clothes pegs Category: home_utility. Seasonality: none. Gifting: low. Price tier: budget. Impulse: medium. Substitute group: clothes_pegs.,Pack of 24 retrospot clothes pegs,home_utility,none,low,durable,budget,medium,clothes_pegs
22381,Pink polka-dot children's toy tidy storage Category: home_storage. Seasonality: none. Gifting: medium. Price tier: mid. Impulse: medium. Substitute group: toy_tidy.,Pink polka-dot children's toy tidy storage,home_storage,none,medium,durable,mid,medium,toy_tidy
22413,Novelty metal sign reading Take It Or Leave It Category: home_decor. Seasonality: none. Gifting: medium. Price tier: mid. Impulse: high. Substitute group: metal_sign.,Novelty metal sign reading Take It Or Leave It,home_decor,none,medium,durable,mid,high,metal_sign
22169,White family album picture frame Category: home_decor. Seasonality: none. Gifting: high. Price tier: premium. Impulse: low. Substitute group: frame.,White family album picture frame,home_decor,none,high,durable,premium,low,frame
21174,Novelty metal sign reading Pottering In The Shed Category: home_decor. Seasonality: none. Gifting: medium. Price tier: budget. Impulse: high. Substitute group: metal_sign.,Novelty metal sign reading Pottering In The Shed,home_decor,none,medium,durable,budget,high,metal_sign
22952,Pack of 60 vintage Christmas paper cake cases Category: baking. Seasonality: christmas. Gifting: low. Price tier: budget. Impulse: high. Substitute group: cake_cases.,Pack of 60 vintage Christmas paper cake cases,baking,christmas,low,semi_durable,budget,high,cake_cases
48129,Coir doormat with topiary design Category: home_decor. Seasonality: none. Gifting: medium. Price tier: mid. Impulse: low. Substitute group: doormat.,Coir doormat with topiary design,home_decor,none,medium,durable,mid,low,doormat
22561,Wooden school colouring set for children Category: craft. Seasonality: none. Gifting: medium. Price tier: budget. Impulse: high. Substitute group: colouring_set.,Wooden school colouring set for children,craft,none,medium,semi_durable,budget,high,colouring_set
71053,White metal decorative lantern Category: home_decor. Seasonality: none. Gifting: high. Price tier: mid. Impulse: medium. Substitute group: lantern.,White metal decorative lantern,home_decor,none,high,durable,mid,medium,lantern
84997A,Green three-piece children's mini polka-dot cutlery set Category: kitchenware. Seasonality: none. Gifting: medium. Price tier: mid. Impulse: medium. Substitute group: cutlery_set.,Green three-piece children's mini polka-dot cutlery set,kitchenware,none,medium,durable,mid,medium,cutlery_set
22633,Reusable hand warmer in Union Jack design Category: accessories. Seasonality: none. Gifting: medium. Price tier: budget. Impulse: high. Substitute group: hand_warmer.,Reusable hand warmer in Union Jack design,accessories,none,medium,durable,budget,high,hand_warmer
84949,Silver hanging tealight holder Category: home_decor. Seasonality: none. Gifting: medium. Price tier: budget. Impulse: high. Substitute group: tlight_holder.,Silver hanging tealight holder,home_decor,none,medium,durable,budget,high,tlight_holder
21340,Classic metal birdcage-style plant holder Category: garden. Seasonality: none. Gifting: high. Price tier: premium. Impulse: low. Substitute group: plant_holder.,Classic metal birdcage-style plant holder,garden,none,high,durable,premium,low,plant_holder
21908,Novelty metal sign reading Chocolate This Way Category: home_decor. Seasonality: none. Gifting: medium. Price tier: budget. Impulse: high. Substitute group: metal_sign.,Novelty metal sign reading Chocolate This Way,home_decor,none,medium,durable,budget,high,metal_sign
22427,Cream enamel flower jug Category: home_decor. Seasonality: none. Gifting: high. Price tier: mid. Impulse: low. Substitute group: jug.,Cream enamel flower jug,home_decor,none,high,durable,mid,low,jug
22041,Picture frame sized for a 7-inch vinyl single Category: home_decor. Seasonality: none. Gifting: medium. Price tier: budget. Impulse: medium. Substitute group: frame.,Picture frame sized for a 7-inch vinyl single,home_decor,none,medium,durable,budget,medium,frame
22061,Large cake stand with hanging strawberry decorations Category: kitchenware. Seasonality: none. Gifting: high. Price tier: premium. Impulse: low. Substitute group: cake_stand.,Large cake stand with hanging strawberry decorations,kitchenware,none,high,durable,premium,low,cake_stand
22555,Tin of novelty plasters in strongman design Category: novelty. Seasonality: none. Gifting: low. Price tier: budget. Impulse: high. Substitute group: plasters_tin.,Tin of novelty plasters in strongman design,novelty,none,low,semi_durable,budget,high,plasters_tin
84947,Antique silver engraved tea glass Category: kitchenware. Seasonality: none. Gifting: medium. Price tier: budget. Impulse: high. Substitute group: tea_glass.,Antique silver engraved tea glass,kitchenware,none,medium,durable,budget,high,tea_glass
21484,Chick grey hot water bottle Category: home_comfort. Seasonality: none. Gifting: medium. Price tier: mid. Impulse: medium. Substitute group: hot_water_bottle.,Chick grey hot water bottle,home_comfort,none,medium,durable,mid,medium,hot_water_bottle
21035,Set of two red retrospot tea towels Category: kitchenware. Seasonality: none. Gifting: medium. Price tier: mid. Impulse: medium. Substitute group: tea_towels.,Set of two red retrospot tea towels,kitchenware,none,medium,durable,mid,medium,tea_towels
21121,Set of ten red polka-dot party candles Category: party. Seasonality: none. Gifting: low. Price tier: budget. Impulse: high. Substitute group: party_candles.,Set of ten red polka-dot party candles,party,none,low,semi_durable,budget,high,party_candles
22847,Ivory diner-style bread bin Category: kitchenware. Seasonality: none. Gifting: high. Price tier: premium. Impulse: low. Substitute group: bread_bin.,Ivory diner-style bread bin,kitchenware,none,high,durable,premium,low,bread_bin
22837,Hot water bottle with Babushka design cover Category: home_comfort. Seasonality: none. Gifting: high. Price tier: mid. Impulse: medium. Substitute group: hot_water_bottle.,Hot water bottle with Babushka design cover,home_comfort,none,high,durable,mid,medium,hot_water_bottle
84945,Multi colour silver tealight holder Category: home_decor. Seasonality: none. Gifting: low. Price tier: budget. Impulse: high. Substitute group: tlight_holder.,Multi colour silver tealight holder,home_decor,none,low,durable,budget,high,tlight_holder
21430,Set of three red gingham rose storage boxes Category: home_storage. Seasonality: none. Gifting: medium. Price tier: mid. Impulse: low. Substitute group: storage_boxes.,Set of three red gingham rose storage boxes,home_storage,none,medium,durable,mid,low,storage_boxes
22147,Felt craft butterfly hearts kit Category: craft. Seasonality: none. Gifting: low. Price tier: budget. Impulse: medium. Substitute group: felt_craft.,Felt craft butterfly hearts kit,craft,none,low,semi_durable,budget,medium,felt_craft
22505,Memo board in cottage design Category: home_decor. Seasonality: none. Gifting: medium. Price tier: mid. Impulse: medium. Substitute group: memo_board.,Memo board in cottage design,home_decor,none,medium,durable,mid,medium,memo_board
22560,Traditional modelling clay for children Category: craft. Seasonality: none. Gifting: low. Price tier: budget. Impulse: high. Substitute group: modelling_clay.,Traditional modelling clay for children,craft,none,low,semi_durable,budget,high,modelling_clay
21914,Blue toy harmonica in a presentation box Category: toys. Seasonality: none. Gifting: medium. Price tier: budget. Impulse: high. Substitute group: toy_instrument.,Blue toy harmonica in a presentation box,toys,none,medium,durable,budget,high,toy_instrument
22654,Deluxe sewing kit Category: craft. Seasonality: none. Gifting: high. Price tier: mid. Impulse: low. Substitute group: sewing_kit.,Deluxe sewing kit,craft,none,high,durable,mid,low,sewing_kit
22352,Lunch box with cutlery in retrospot design Category: kitchenware. Seasonality: none. Gifting: medium. Price tier: mid. Impulse: high. Substitute group: lunch_box.,Lunch box with cutlery in retrospot design,kitchenware,none,medium,durable,mid,high,lunch_box
22776,Sweetheart-style three-tier cakestand Category: kitchenware. Seasonality: none. Gifting: high. Price tier: premium. Impulse: low. Substitute group: cake_stand.,Sweetheart-style three-tier cakestand,kitchenware,none,high,durable,premium,low,cake_stand
22297,Small ivory heart trellis decoration Category: home_decor. Seasonality: valentine. Gifting: medium. Price tier: budget. Impulse: high. Substitute group: hanging_heart.,Small ivory heart trellis decoration,home_decor,valentine,medium,durable,budget,high,hanging_heart
79323W,String of white cherry-shaped fairy lights Category: lighting. Seasonality: none. Gifting: medium. Price tier: mid. Impulse: medium. Substitute group: string_lights.,String of white cherry-shaped fairy lights,lighting,none,medium,durable,mid,medium,string_lights
22557,Tin of novelty plasters in vintage paisley design Category: novelty. Seasonality: none. Gifting: low. Price tier: budget. Impulse: high. Substitute group: plasters_tin.,Tin of novelty plasters in vintage paisley design,novelty,none,low,semi_durable,budget,high,plasters_tin
20718,Red retrospot reusable shopper bag Category: bags. Seasonality: none. Gifting: low. Price tier: budget. Impulse: high. Substitute group: shopper_bag.,Red retrospot reusable shopper bag,bags,none,low,durable,budget,high,shopper_bag
21136,Assorted painted metal pear decorations Category: home_decor. Seasonality: none. Gifting: medium. Price tier: budget. Impulse: high. Substitute group: ornament.,Assorted painted metal pear decorations,home_decor,none,medium,durable,budget,high,ornament
47591D,Pink fairy cake children's apron Category: kitchenware. Seasonality: none. Gifting: medium. Price tier: budget. Impulse: medium. Substitute group: apron.,Pink fairy cake children's apron,kitchenware,none,medium,durable,budget,medium,apron
21889,Wooden box of dominoes game Category: toys. Seasonality: none. Gifting: medium. Price tier: budget. Impulse: high. Substitute group: wooden_game.,Wooden box of dominoes game,toys,none,medium,durable,budget,high,wooden_game
84992,Pack of 72 sweetheart fairy cake paper cases Category: baking. Seasonality: none. Gifting: low. Price tier: budget. Impulse: high. Substitute group: cake_cases.,Pack of 72 sweetheart fairy cake paper cases,baking,none,low,semi_durable,budget,high,cake_cases
21156,Retrospot children's apron Category: kitchenware. Seasonality: none. Gifting: medium. Price tier: budget. Impulse: medium. Substitute group: apron.,Retrospot children's apron,kitchenware,none,medium,durable,budget,medium,apron
84467,English rose design quilted throw blanket Category: home_textiles. Seasonality: none. Gifting: high. Price tier: premium. Impulse: low. Substitute group: throw.,English rose design quilted throw blanket,home_textiles,none,high,durable,premium,low,throw
22366,Coir doormat with airmail design Category: home_decor. Seasonality: none. Gifting: medium. Price tier: mid. Impulse: low. Substitute group: doormat.,Coir doormat with airmail design,home_decor,none,medium,durable,mid,low,doormat
84970L,Single heart zinc tealight holder Category: home_decor. Seasonality: valentine. Gifting: medium. Price tier: budget. Impulse: high. Substitute group: tlight_holder.,Single heart zinc tealight holder,home_decor,valentine,medium,durable,budget,high,tlight_holder
22652,Compact travel sewing kit Category: craft. Seasonality: none. Gifting: medium. Price tier: budget. Impulse: high. Substitute group: sewing_kit.,Compact travel sewing kit,craft,none,medium,durable,budget,high,sewing_kit
35004C,Set of three coloured flying duck wall decorations Category: home_decor. Seasonality: none. Gifting: high. Price tier: mid. Impulse: low. Substitute group: flying_ducks.,Set of three coloured flying duck wall decorations,home_decor,none,high,durable,mid,low,flying_ducks
23240,Set of four knick-knack storage tins in doily design Category: home_storage. Seasonality: none. Gifting: medium. Price tier: mid. Impulse: medium. Substitute group: knick_knack_tins.,Set of four knick-knack storage tins in doily design,home_storage,none,medium,durable,mid,medium,knick_knack_tins
21533,Large retrospot ceramic milk jug Category: kitchenware. Seasonality: none. Gifting: medium. Price tier: mid. Impulse: low. Substitute group: milk_jug.,Large retrospot ceramic milk jug,kitchenware,none,medium,durable,mid,low,milk_jug
21535,Small red retrospot ceramic milk jug Category: kitchenware. Seasonality: none. Gifting: medium. Price tier: mid. Impulse: medium. Substitute group: milk_jug.,Small red retrospot ceramic milk jug,kitchenware,none,medium,durable,mid,medium,milk_jug
21164,Novelty metal sign reading Home Sweet Home Category: home_decor. Seasonality: none. Gifting: medium. Price tier: mid. Impulse: high. Substitute group: metal_sign.,Novelty metal sign reading Home Sweet Home,home_decor,none,medium,durable,mid,high,metal_sign
72760B,Vintage cream three-basket tiered cake stand Category: kitchenware. Seasonality: none. Gifting: high. Price tier: premium. Impulse: low. Substitute group: cake_stand.,Vintage cream three-basket tiered cake stand,kitchenware,none,high,durable,premium,low,cake_stand
22487,White wooden garden plant display ladder Category: garden. Seasonality: spring_summer. Gifting: medium. Price tier: premium. Impulse: low. Substitute group: plant_holder.,White wooden garden plant display ladder,garden,spring_summer,medium,durable,premium,low,plant_holder
22191,Ivory diner-style wall clock Category: home_decor. Seasonality: none. Gifting: high. Price tier: premium. Impulse: low. Substitute group: wall_clock.,Ivory diner-style wall clock,home_decor,none,high,durable,premium,low,wall_clock
22993,Set of four pantry-design jelly moulds Category: baking. Seasonality: none. Gifting: medium. Price tier: budget. Impulse: medium. Substitute group: jelly_moulds.,Set of four pantry-design jelly moulds,baking,none,medium,durable,budget,medium,jelly_moulds
84375,Set of 20 children's cookie cutters Category: baking. Seasonality: none. Gifting: medium. Price tier: budget. Impulse: high. Substitute group: cookie_cutters.,Set of 20 children's cookie cutters,baking,none,medium,durable,budget,high,cookie_cutters
21155,Red retrospot clothes peg bag Category: home_utility. Seasonality: none. Gifting: low. Price tier: mid. Impulse: medium. Substitute group: peg_bag.,Red retrospot clothes peg bag,home_utility,none,low,durable,mid,medium,peg_bag
22296,Large ivory heart trellis decoration Category: home_decor. Seasonality: valentine. Gifting: medium. Price tier: budget. Impulse: high. Substitute group: hanging_heart.,Large ivory heart trellis decoration,home_decor,valentine,medium,durable,budget,high,hanging_heart
22662,Insulated lunch bag in Dolly Girl design Category: bags. Seasonality: none. Gifting: low. Price tier: budget. Impulse: high. Substitute group: lunch_bag.,Insulated lunch bag in Dolly Girl design,bags,none,low,durable,budget,high,lunch_bag
23301,Gardener's kneeling pad with Keep Calm design Category: garden. Seasonality: spring_summer. Gifting: medium. Price tier: budget. Impulse: medium. Substitute group: kneeling_pad.,Gardener's kneeling pad with Keep Calm design,garden,spring_summer,medium,durable,budget,medium,kneeling_pad
22193,Red diner-style wall clock Category: home_decor. Seasonality: none. Gifting: high. Price tier: premium. Impulse: low. Substitute group: wall_clock.,Red diner-style wall clock,home_decor,none,high,durable,premium,low,wall_clock
22634,Children's breakfast set in Spaceboy design Category: kitchenware. Seasonality: none. Gifting: high. Price tier: premium. Impulse: low. Substitute group: breakfast_set.,Children's breakfast set in Spaceboy design,kitchenware,none,high,durable,premium,low,breakfast_set
22619,Set of six wooden soldier skittles game Category: toys. Seasonality: none. Gifting: high. Price tier: mid. Impulse: low. Substitute group: skittles.,Set of six wooden soldier skittles game,toys,none,high,durable,mid,low,skittles
22759,Set of three notebooks in a parcel Category: stationery. Seasonality: none. Gifting: medium. Price tier: budget. Impulse: high. Substitute group: notebooks.,Set of three notebooks in a parcel,stationery,none,medium,semi_durable,budget,high,notebooks
22635,Children's breakfast set in Dolly Girl design Category: kitchenware. Seasonality: none. Gifting: high. Price tier: premium. Impulse: low. Substitute group: breakfast_set.,Children's breakfast set in Dolly Girl design,kitchenware,none,high,durable,premium,low,breakfast_set
21877,Home Sweet Home ceramic mug Category: kitchenware. Seasonality: none. Gifting: medium. Price tier: budget. Impulse: high. Substitute group: mug.,Home Sweet Home ceramic mug,kitchenware,none,medium,durable,budget,high,mug
22367,Children's apron in Spaceboy design Category: kitchenware. Seasonality: none. Gifting: medium. Price tier: budget. Impulse: medium. Substitute group: apron.,Children's apron in Spaceboy design,kitchenware,none,medium,durable,budget,medium,apron
22940,Felt craft Christmas fairy decoration kit Category: christmas_decor. Seasonality: christmas. Gifting: medium. Price tier: mid. Impulse: medium. Substitute group: felt_craft.,Felt craft Christmas fairy decoration kit,christmas_decor,christmas,medium,durable,mid,medium,felt_craft
22692,Coir doormat reading Welcome To Our Home Category: home_decor. Seasonality: none. Gifting: medium. Price tier: mid. Impulse: low. Substitute group: doormat.,Coir doormat reading Welcome To Our Home,home_decor,none,medium,durable,mid,low,doormat
22690,Blue Home Sweet Home coir doormat Category: home_decor. Seasonality: none. Gifting: medium. Price tier: mid. Impulse: low. Substitute group: doormat.,Blue Home Sweet Home coir doormat,home_decor,none,medium,durable,mid,low,doormat
22170,Wooden triple portrait picture frame Category: home_decor. Seasonality: none. Gifting: high. Price tier: mid. Impulse: low. Substitute group: frame.,Wooden triple portrait picture frame,home_decor,none,high,durable,mid,low,frame
22333,Retrospot party bag and sticker set Category: party. Seasonality: none. Gifting: low. Price tier: budget. Impulse: high. Substitute group: party_bag.,Retrospot party bag and sticker set,party,none,low,semi_durable,budget,high,party_bag
23313,Vintage Christmas fabric bunting Category: christmas_decor. Seasonality: christmas. Gifting: medium. Price tier: mid. Impulse: medium. Substitute group: bunting.,Vintage Christmas fabric bunting,christmas_decor,christmas,medium,durable,mid,medium,bunting
22749,Felt craft Princess Charlotte doll Category: craft. Seasonality: none. Gifting: medium. Price tier: mid. Impulse: medium. Substitute group: felt_doll.,Felt craft Princess Charlotte doll,craft,none,medium,durable,mid,medium,felt_doll
22173,Metal four-hook hanger in French chateau style Category: home_decor. Seasonality: none. Gifting: medium. Price tier: mid. Impulse: low. Substitute group: hook_hanger.,Metal four-hook hanger in French chateau style,home_decor,none,medium,durable,mid,low,hook_hanger
22909,Set of 20 vintage Christmas paper napkins Category: christmas_decor. Seasonality: christmas. Gifting: low. Price tier: budget. Impulse: high. Substitute group: paper_napkins.,Set of 20 vintage Christmas paper napkins,christmas_decor,christmas,low,semi_durable,budget,high,paper_napkins
21891,Traditional wooden skipping rope Category: toys. Seasonality: spring_summer. Gifting: medium. Price tier: budget. Impulse: high. Substitute group: skipping_rope.,Traditional wooden skipping rope,toys,spring_summer,medium,durable,budget,high,skipping_rope
21094,Set of six red spotty paper plates Category: party. Seasonality: none. Gifting: low. Price tier: budget. Impulse: high. Substitute group: paper_plates.,Set of six red spotty paper plates,party,none,low,semi_durable,budget,high,paper_plates
84378,Set of three heart-shaped cookie cutters Category: baking. Seasonality: valentine. Gifting: medium. Price tier: budget. Impulse: high. Substitute group: cookie_cutters.,Set of three heart-shaped cookie cutters,baking,valentine,medium,durable,budget,high,cookie_cutters
22730,Ivory Bakelite-style retro alarm clock Category: home_decor. Seasonality: none. Gifting: high. Price tier: mid. Impulse: medium. Substitute group: alarm_clock.,Ivory Bakelite-style retro alarm clock,home_decor,none,high,durable,mid,medium,alarm_clock
21844,Red retrospot ceramic mug Category: kitchenware. Seasonality: none. Gifting: medium. Price tier: budget. Impulse: high. Substitute group: mug.,Red retrospot ceramic mug,kitchenware,none,medium,durable,budget,high,mug
22365,Coir doormat reading Respectable House Category: home_decor. Seasonality: none. Gifting: medium. Price tier: mid. Impulse: low. Substitute group: doormat.,Coir doormat reading Respectable House,home_decor,none,medium,durable,mid,low,doormat
22946,Cream wooden advent calendar with drawers Category: christmas_decor. Seasonality: christmas. Gifting: high. Price tier: premium. Impulse: low. Substitute group: advent_calendar.,Cream wooden advent calendar with drawers,christmas_decor,christmas,high,durable,premium,low,advent_calendar
85232B,Set of three Russian doll stacking tins Category: home_storage. Seasonality: none. Gifting: high. Price tier: mid. Impulse: medium. Substitute group: stacking_tins.,Set of three Russian doll stacking tins,home_storage,none,high,durable,mid,medium,stacking_tins
82582,Novelty metal sign reading Area Patrolled Category: home_decor. Seasonality: none. Gifting: medium. Price tier: budget. Impulse: high. Substitute group: metal_sign.,Novelty metal sign reading Area Patrolled,home_decor,none,medium,durable,budget,high,metal_sign
21122,Set of ten pink polka-dot party candles Category: party. Seasonality: none. Gifting: low. Price tier: budget. Impulse: high. Substitute group: party_candles.,Set of ten pink polka-dot party candles,party,none,low,semi_durable,budget,high,party_candles
84050,Pink heart-shaped egg frying pan Category: kitchenware. Seasonality: valentine. Gifting: medium. Price tier: budget. Impulse: high. Substitute group: frying_pan.,Pink heart-shaped egg frying pan,kitchenware,valentine,medium,durable,budget,high,frying_pan
21975,Pack of 60 dinosaur paper cake cases Category: baking. Seasonality: none. Gifting: low. Price tier: budget. Impulse: high. Substitute group: cake_cases.,Pack of 60 dinosaur paper cake cases,baking,none,low,semi_durable,budget,high,cake_cases
21165,Novelty metal sign reading Beware Of The Cat Category: home_decor. Seasonality: none. Gifting: medium. Price tier: budget. Impulse: high. Substitute group: metal_sign.,Novelty metal sign reading Beware Of The Cat,home_decor,none,medium,durable,budget,high,metal_sign
35970,Zinc folkart sleigh bells Christmas decoration Category: christmas_decor. Seasonality: christmas. Gifting: medium. Price tier: budget. Impulse: high. Substitute group: christmas_decoration.,Zinc folkart sleigh bells Christmas decoration,christmas_decor,christmas,medium,durable,budget,high,christmas_decoration
22606,Wooden skittles garden game set Category: outdoor. Seasonality: spring_summer. Gifting: high. Price tier: premium. Impulse: low. Substitute group: garden_game.,Wooden skittles garden game set,outdoor,spring_summer,high,durable,premium,low,garden_game
21912,Vintage-style snakes and ladders board game Category: toys. Seasonality: none. Gifting: medium. Price tier: mid. Impulse: medium. Substitute group: board_game.,Vintage-style snakes and ladders board game,toys,none,medium,durable,mid,medium,board_game
22179,String of ten night owl lights Category: lighting. Seasonality: none. Gifting: medium. Price tier: mid. Impulse: medium. Substitute group: string_lights.,String of ten night owl lights,lighting,none,medium,durable,mid,medium,string_lights
17003,Brocade ring coin purse Category: accessories. Seasonality: none. Gifting: low. Price tier: budget. Impulse: high. Substitute group: purse.,Brocade ring coin purse,accessories,none,low,durable,budget,high,purse
22150,Set of three stripey felt craft mice Category: craft. Seasonality: none. Gifting: low. Price tier: budget. Impulse: medium. Substitute group: felt_craft.,Set of three stripey felt craft mice,craft,none,low,durable,budget,medium,felt_craft
21770,Open/Closed shop metal sign Category: home_decor. Seasonality: none. Gifting: low. Price tier: mid. Impulse: medium. Substitute group: metal_sign.,Open/Closed shop metal sign,home_decor,none,low,durable,mid,medium,metal_sign
22485,Set of two wooden market crates for storage Category: home_storage. Seasonality: none. Gifting: medium. Price tier: premium. Impulse: low. Substitute group: crates.,Set of two wooden market crates for storage,home_storage,none,medium,durable,premium,low,crates
21380,Wooden Happy Birthday garland decoration Category: party. Seasonality: none. Gifting: medium. Price tier: mid. Impulse: medium. Substitute group: garland.,Wooden Happy Birthday garland decoration,party,none,medium,durable,mid,medium,garland
21259,Small Victorian-style sewing box Category: craft. Seasonality: none. Gifting: high. Price tier: mid. Impulse: low. Substitute group: sewing_box.,Small Victorian-style sewing box,craft,none,high,durable,mid,low,sewing_box
21672,White spot on red ceramic drawer knob Category: home_hardware. Seasonality: none. Gifting: low. Price tier: budget. Impulse: medium. Substitute group: drawer_knob.,White spot on red ceramic drawer knob,home_hardware,none,low,durable,budget,medium,drawer_knob
21257,Medium Victorian-style sewing box Category: craft. Seasonality: none. Gifting: high. Price tier: mid. Impulse: low. Substitute group: sewing_box.,Medium Victorian-style sewing box,craft,none,high,durable,mid,low,sewing_box
22804,Pink hanging heart candle holder Category: home_decor. Seasonality: valentine. Gifting: medium. Price tier: mid. Impulse: high. Substitute group: tlight_holder.,Pink hanging heart candle holder,home_decor,valentine,medium,durable,mid,high,tlight_holder
22295,Large heart filigree dove hanging decoration Category: home_decor. Seasonality: valentine. Gifting: medium. Price tier: budget. Impulse: high. Substitute group: hanging_decoration.,Large heart filigree dove hanging decoration,home_decor,valentine,medium,durable,budget,high,hanging_decoration
21169,Novelty metal sign reading You're Confusing Me Category: home_decor. Seasonality: none. Gifting: medium. Price tier: budget. Impulse: high. Substitute group: metal_sign.,Novelty metal sign reading You're Confusing Me,home_decor,none,medium,durable,budget,high,metal_sign
22627,Mint retro kitchen weighing scales Category: kitchenware. Seasonality: none. Gifting: high. Price tier: premium. Impulse: low. Substitute group: kitchen_scales.,Mint retro kitchen weighing scales,kitchenware,none,high,durable,premium,low,kitchen_scales
84380,Set of three butterfly cookie cutters Category: baking. Seasonality: none. Gifting: medium. Price tier: budget. Impulse: high. Substitute group: cookie_cutters.,Set of three butterfly cookie cutters,baking,none,medium,durable,budget,high,cookie_cutters
20748,Kensington-style ceramic coffee set Category: kitchenware. Seasonality: none. Gifting: high. Price tier: premium. Impulse: low. Substitute group: coffee_set.,Kensington-style ceramic coffee set,kitchenware,none,high,durable,premium,low,coffee_set
22444,Grow-your-own plant kit in a can Category: garden. Seasonality: spring_summer. Gifting: medium. Price tier: budget. Impulse: high. Substitute group: grow_kit.,Grow-your-own plant kit in a can,garden,spring_summer,medium,semi_durable,budget,high,grow_kit
22271,Felt craft Rosie doll Category: craft. Seasonality: none. Gifting: medium. Price tier: mid. Impulse: medium. Substitute group: felt_doll.,Felt craft Rosie doll,craft,none,medium,durable,mid,medium,felt_doll
22109,Full English breakfast design ceramic plate Category: kitchenware. Seasonality: none. Gifting: medium. Price tier: mid. Impulse: medium. Substitute group: plate.,Full English breakfast design ceramic plate,kitchenware,none,medium,durable,mid,medium,plate
21098,Novelty Christmas printed toilet roll Category: christmas_decor. Seasonality: christmas. Gifting: low. Price tier: budget. Impulse: high. Substitute group: novelty.,Novelty Christmas printed toilet roll,christmas_decor,christmas,low,semi_durable,budget,high,novelty
23200,Large reusable jumbo bag in pears design Category: bags. Seasonality: none. Gifting: low. Price tier: budget. Impulse: high. Substitute group: jumbo_bag.,Large reusable jumbo bag in pears design,bags,none,low,durable,budget,high,jumbo_bag
21888,Traditional bingo game set Category: toys. Seasonality: none. Gifting: medium. Price tier: mid. Impulse: medium. Substitute group: board_game.,Traditional bingo game set,toys,none,medium,durable,mid,medium,board_game
22236,Three-tier cake stand in magic garden design Category: kitchenware. Seasonality: none. Gifting: high. Price tier: premium. Impulse: low. Substitute group: cake_stand.,Three-tier cake stand in magic garden design,kitchenware,none,high,durable,premium,low,cake_stand
21669,Blue stripe ceramic drawer knob Category: home_hardware. Seasonality: none. Gifting: low. Price tier: budget. Impulse: medium. Substitute group: drawer_knob.,Blue stripe ceramic drawer knob,home_hardware,none,low,durable,budget,medium,drawer_knob
22667,Recipe box in retrospot design Category: kitchenware. Seasonality: none. Gifting: high. Price tier: mid. Impulse: medium. Substitute group: recipe_box.,Recipe box in retrospot design,kitchenware,none,high,durable,mid,medium,recipe_box
35400,Wooden box advent calendar Category: christmas_decor. Seasonality: christmas. Gifting: high. Price tier: premium. Impulse: low. Substitute group: advent_calendar.,Wooden box advent calendar,christmas_decor,christmas,high,durable,premium,low,advent_calendar
21668,Red stripe ceramic drawer knob Category: home_hardware. Seasonality: none. Gifting: low. Price tier: budget. Impulse: medium. Substitute group: drawer_knob.,Red stripe ceramic drawer knob,home_hardware,none,low,durable,budget,medium,drawer_knob
23343,Large reusable jumbo bag in vintage Christmas design Category: bags. Seasonality: christmas. Gifting: low. Price tier: budget. Impulse: high. Substitute group: jumbo_bag.,Large reusable jumbo bag in vintage Christmas design,bags,christmas,low,durable,budget,high,jumbo_bag
21871,Save The Planet novelty ceramic mug Category: kitchenware. Seasonality: none. Gifting: medium. Price tier: budget. Impulse: high. Substitute group: mug.,Save The Planet novelty ceramic mug,kitchenware,none,medium,durable,budget,high,mug
22621,Traditional knitting nancy craft toy Category: craft. Seasonality: none. Gifting: low. Price tier: budget. Impulse: high. Substitute group: craft_toy.,Traditional knitting nancy craft toy,craft,none,low,durable,budget,high,craft_toy
21539,Red retrospot ceramic butter dish Category: kitchenware. Seasonality: none. Gifting: medium. Price tier: mid. Impulse: low. Substitute group: butter_dish.,Red retrospot ceramic butter dish,kitchenware,none,medium,durable,mid,low,butter_dish
22636,Children's breakfast set in circus parade design Category: kitchenware. Seasonality: none. Gifting: high. Price tier: premium. Impulse: low. Substitute group: breakfast_set.,Children's breakfast set in circus parade design,kitchenware,none,high,durable,premium,low,breakfast_set
79323P,String of pink cherry-shaped fairy lights Category: lighting. Seasonality: none. Gifting: medium. Price tier: mid. Impulse: medium. Substitute group: string_lights.,String of pink cherry-shaped fairy lights,lighting,none,medium,durable,mid,medium,string_lights
22846,Red diner-style bread bin Category: kitchenware. Seasonality: none. Gifting: high. Price tier: premium. Impulse: low. Substitute group: bread_bin.,Red diner-style bread bin,kitchenware,none,high,durable,premium,low,bread_bin
22207,Frying pan with Union Flag design Category: kitchenware. Seasonality: none. Gifting: medium. Price tier: mid. Impulse: medium. Substitute group: frying_pan.,Frying pan with Union Flag design,kitchenware,none,medium,durable,mid,medium,frying_pan
23077,Doughnut-shaped novelty lip gloss Category: novelty. Seasonality: none. Gifting: low. Price tier: budget. Impulse: high. Substitute group: lip_gloss.,Doughnut-shaped novelty lip gloss,novelty,none,low,semi_durable,budget,high,lip_gloss
47556B,Tea Time design tea towels Category: kitchenware. Seasonality: none. Gifting: medium. Price tier: mid. Impulse: medium. Substitute group: tea_towels.,Tea Time design tea towels,kitchenware,none,medium,durable,mid,medium,tea_towels
21390,Filigree heart with butterfly hanging decoration Category: home_decor. Seasonality: valentine. Gifting: medium. Price tier: budget. Impulse: high. Substitute group: hanging_decoration.,Filigree heart with butterfly hanging decoration,home_decor,valentine,medium,durable,budget,high,hanging_decoration
22198,Large retro popcorn holder tub Category: kitchenware. Seasonality: none. Gifting: low. Price tier: budget. Impulse: high. Substitute group: popcorn_holder.,Large retro popcorn holder tub,kitchenware,none,low,durable,budget,high,popcorn_holder
22838,Three-tier red and cream cake tin set Category: kitchenware. Seasonality: none. Gifting: high. Price tier: premium. Impulse: low. Substitute group: cake_tins.,Three-tier red and cream cake tin set,kitchenware,none,high,durable,premium,low,cake_tins
21673,White spot on blue ceramic drawer knob Category: home_hardware. Seasonality: none. Gifting: low. Price tier: budget. Impulse: medium. Substitute group: drawer_knob.,White spot on blue ceramic drawer knob,home_hardware,none,low,durable,budget,medium,drawer_knob
22553,Tin of novelty plasters in skulls design Category: novelty. Seasonality: none. Gifting: low. Price tier: budget. Impulse: high. Substitute group: plasters_tin.,Tin of novelty plasters in skulls design,novelty,none,low,semi_durable,budget,high,plasters_tin
23356,Love-themed hot water bottle Category: home_comfort. Seasonality: valentine. Gifting: high. Price tier: mid. Impulse: medium. Substitute group: hot_water_bottle.,Love-themed hot water bottle,home_comfort,valentine,high,durable,mid,medium,hot_water_bottle
22584,Pack of six pannetone gift boxes Category: christmas_decor. Seasonality: christmas. Gifting: medium. Price tier: mid. Impulse: medium. Substitute group: gift_box.,Pack of six pannetone gift boxes,christmas_decor,christmas,medium,semi_durable,mid,medium,gift_box
22580,Gingham advent calendar fabric sack Category: christmas_decor. Seasonality: christmas. Gifting: high. Price tier: mid. Impulse: medium. Substitute group: advent_calendar.,Gingham advent calendar fabric sack,christmas_decor,christmas,high,durable,mid,medium,advent_calendar
23207,Insulated lunch bag in alphabet design Category: bags. Seasonality: none. Gifting: low. Price tier: budget. Impulse: high. Substitute group: lunch_bag.,Insulated lunch bag in alphabet design,bags,none,low,durable,budget,high,lunch_bag
21935,Suki design shoulder bag Category: bags. Seasonality: none. Gifting: medium. Price tier: budget. Impulse: high. Substitute group: shoulder_bag.,Suki design shoulder bag,bags,none,medium,durable,budget,high,shoulder_bag
21704,Bag of 250g swirly glass marbles Category: toys. Seasonality: none. Gifting: low. Price tier: budget. Impulse: high. Substitute group: marbles.,Bag of 250g swirly glass marbles,toys,none,low,durable,budget,high,marbles
20676,Red retrospot ceramic bowl Category: kitchenware. Seasonality: none. Gifting: low. Price tier: budget. Impulse: high. Substitute group: bowl.,Red retrospot ceramic bowl,kitchenware,none,low,durable,budget,high,bowl
23108,Set of ten LED dolly lights Category: lighting. Seasonality: none. Gifting: medium. Price tier: mid. Impulse: medium. Substitute group: string_lights.,Set of ten LED dolly lights,lighting,none,medium,durable,mid,medium,string_lights
23328,Set of six school milk bottles in a crate Category: kitchenware. Seasonality: none. Gifting: medium. Price tier: mid. Impulse: medium. Substitute group: novelty.,Set of six school milk bottles in a crate,kitchenware,none,medium,durable,mid,medium,novelty
22464,Hanging metal heart lantern Category: home_decor. Seasonality: valentine. Gifting: medium. Price tier: budget. Impulse: high. Substitute group: lantern.,Hanging metal heart lantern,home_decor,valentine,medium,durable,budget,high,lantern
22646,Ceramic strawberry cake money bank Category: home_decor. Seasonality: none. Gifting: medium. Price tier: budget. Impulse: high. Substitute group: money_bank.,Ceramic strawberry cake money bank,home_decor,none,medium,durable,budget,high,money_bank
15044A,Pink paper parasol decoration Category: party. Seasonality: spring_summer. Gifting: low. Price tier: mid. Impulse: medium. Substitute group: parasol.,Pink paper parasol decoration,party,spring_summer,low,semi_durable,mid,medium,parasol
22766,Cornice-style photo frame Category: home_decor. Seasonality: none. Gifting: medium. Price tier: mid. Impulse: medium. Substitute group: frame.,Cornice-style photo frame,home_decor,none,medium,durable,mid,medium,frame
75049L,Large circular mirror mobile decoration Category: home_decor. Seasonality: none. Gifting: low. Price tier: budget. Impulse: high. Substitute group: mobile.,Large circular mirror mobile decoration,home_decor,none,low,durable,budget,high,mobile
21906,Pharmacie-style first aid storage tin Category: home_storage. Seasonality: none. Gifting: medium. Price tier: mid. Impulse: medium. Substitute group: storage_tin.,Pharmacie-style first aid storage tin,home_storage,none,medium,durable,mid,medium,storage_tin
22655,Vintage red kitchen cabinet furniture Category: furniture. Seasonality: none. Gifting: low. Price tier: premium. Impulse: low. Substitute group: cabinet.,Vintage red kitchen cabinet furniture,furniture,none,low,durable,premium,low,cabinet
22947,Red wooden advent calendar with drawers Category: christmas_decor. Seasonality: christmas. Gifting: high. Price tier: premium. Impulse: low. Substitute group: advent_calendar.,Red wooden advent calendar with drawers,christmas_decor,christmas,high,durable,premium,low,advent_calendar
22088,Coloured lace paper bunting decoration Category: party. Seasonality: none. Gifting: low. Price tier: mid. Impulse: medium. Substitute group: bunting.,Coloured lace paper bunting decoration,party,none,low,semi_durable,mid,medium,bunting
84988,Set of 72 pink heart paper doilies Category: baking. Seasonality: valentine. Gifting: low. Price tier: budget. Impulse: high. Substitute group: doilies.,Set of 72 pink heart paper doilies,baking,valentine,low,semi_durable,budget,high,doilies
22144,Christmas craft little friends decoration kit Category: christmas_decor. Seasonality: christmas. Gifting: medium. Price tier: budget. Impulse: medium. Substitute group: felt_craft.,Christmas craft little friends decoration kit,christmas_decor,christmas,medium,durable,budget,medium,felt_craft
22834,Reusable hand warmer with Babushka design Category: accessories. Seasonality: none. Gifting: medium. Price tier: budget. Impulse: high. Substitute group: hand_warmer.,Reusable hand warmer with Babushka design,accessories,none,medium,durable,budget,high,hand_warmer
22943,String of ten vintage bauble Christmas lights Category: christmas_decor. Seasonality: christmas. Gifting: high. Price tier: mid. Impulse: medium. Substitute group: string_lights.,String of ten vintage bauble Christmas lights,christmas_decor,christmas,high,durable,mid,medium,string_lights
22616,Pack of 12 London-themed tissues Category: novelty. Seasonality: none. Gifting: low. Price tier: budget. Impulse: high. Substitute group: tissues.,Pack of 12 London-themed tissues,novelty,none,low,semi_durable,budget,high,tissues
22303,Coffee mug with apples design Category: kitchenware. Seasonality: none. Gifting: medium. Price tier: mid. Impulse: high. Substitute group: mug.,Coffee mug with apples design,kitchenware,none,medium,durable,mid,high,mug
22623,Box of vintage jigsaw puzzle blocks Category: toys. Seasonality: none. Gifting: high. Price tier: mid. Impulse: low. Substitute group: wooden_blocks.,Box of vintage jigsaw puzzle blocks,toys,none,high,durable,mid,low,wooden_blocks
22082,Reel of stripes design decorative ribbon Category: craft. Seasonality: none. Gifting: low. Price tier: budget. Impulse: medium. Substitute group: ribbon.,Reel of stripes design decorative ribbon,craft,none,low,semi_durable,budget,medium,ribbon
22301,Coffee mug with cat and bird design Category: kitchenware. Seasonality: none. Gifting: medium. Price tier: mid. Impulse: high. Substitute group: mug.,Coffee mug with cat and bird design,kitchenware,none,medium,durable,mid,high,mug
15056P,Pink Edwardian-style parasol sun umbrella Category: accessories. Seasonality: spring_summer. Gifting: medium. Price tier: mid. Impulse: low. Substitute group: parasol.,Pink Edwardian-style parasol sun umbrella,accessories,spring_summer,medium,durable,mid,low,parasol
21671,Red spot ceramic drawer knob Category: home_hardware. Seasonality: none. Gifting: low. Price tier: budget. Impulse: medium. Substitute group: drawer_knob.,Red spot ceramic drawer knob,home_hardware,none,low,durable,budget,medium,drawer_knob
62018,Novelty sombrero hat Category: party. Seasonality: spring_summer. Gifting: low. Price tier: budget. Impulse: high. Substitute group: party_hat.,Novelty sombrero hat,party,spring_summer,low,durable,budget,high,party_hat
22631,Circus parade design lunch box Category: kitchenware. Seasonality: none. Gifting: medium. Price tier: budget. Impulse: high. Substitute group: lunch_box.,Circus parade design lunch box,kitchenware,none,medium,durable,budget,high,lunch_box
23174,Green Regency-style ceramic sugar bowl Category: kitchenware. Seasonality: none. Gifting: high. Price tier: mid. Impulse: low. Substitute group: sugar_bowl.,Green Regency-style ceramic sugar bowl,kitchenware,none,high,durable,mid,low,sugar_bowl
22791,Antique fluted glass tealight holder Category: home_decor. Seasonality: none. Gifting: low. Price tier: budget. Impulse: high. Substitute group: tlight_holder.,Antique fluted glass tealight holder,home_decor,none,low,durable,budget,high,tlight_holder
20969,Red floral felt craft shoulder bag Category: bags. Seasonality: none. Gifting: medium. Price tier: mid. Impulse: high. Substitute group: shoulder_bag.,Red floral felt craft shoulder bag,bags,none,medium,durable,mid,high,shoulder_bag
22192,Blue diner-style wall clock Category: home_decor. Seasonality: none. Gifting: high. Price tier: premium. Impulse: low. Substitute group: wall_clock.,Blue diner-style wall clock,home_decor,none,high,durable,premium,low,wall_clock
21670,Blue spot ceramic drawer knob Category: home_hardware. Seasonality: none. Gifting: low. Price tier: budget. Impulse: medium. Substitute group: drawer_knob.,Blue spot ceramic drawer knob,home_hardware,none,low,durable,budget,medium,drawer_knob
22729,Orange Bakelite-style retro alarm clock Category: home_decor. Seasonality: none. Gifting: high. Price tier: mid. Impulse: medium. Substitute group: alarm_clock.,Orange Bakelite-style retro alarm clock,home_decor,none,high,durable,mid,medium,alarm_clock
20975,Pack of 12 small red retrospot pencils Category: stationery. Seasonality: none. Gifting: low. Price tier: budget. Impulse: high. Substitute group: pencils.,Pack of 12 small red retrospot pencils,stationery,none,low,semi_durable,budget,high,pencils
21124,Set of ten blue spotty party candles Category: party. Seasonality: none. Gifting: low. Price tier: budget. Impulse: high. Substitute group: party_candles.,Set of ten blue spotty party candles,party,none,low,semi_durable,budget,high,party_candles
85042,Antique lily-design fairy lights Category: lighting. Seasonality: none. Gifting: medium. Price tier: mid. Impulse: medium. Substitute group: string_lights.,Antique lily-design fairy lights,lighting,none,medium,durable,mid,medium,string_lights
22750,Felt craft Princess Lola doll Category: craft. Seasonality: none. Gifting: medium. Price tier: mid. Impulse: medium. Substitute group: felt_doll.,Felt craft Princess Lola doll,craft,none,medium,durable,mid,medium,felt_doll
21937,Strawberry design insulated picnic bag Category: bags. Seasonality: spring_summer. Gifting: medium. Price tier: mid. Impulse: medium. Substitute group: picnic_bag.,Strawberry design insulated picnic bag,bags,spring_summer,medium,durable,mid,medium,picnic_bag
21154,Red retrospot oven glove Category: kitchenware. Seasonality: none. Gifting: low. Price tier: budget. Impulse: medium. Substitute group: oven_glove.,Red retrospot oven glove,kitchenware,none,low,durable,budget,medium,oven_glove
22968,Rose cottage design keepsake box Category: home_storage. Seasonality: none. Gifting: high. Price tier: premium. Impulse: low. Substitute group: keepsake_box.,Rose cottage design keepsake box,home_storage,none,high,durable,premium,low,keepsake_box
21787,Retrospot design rain poncho Category: accessories. Seasonality: none. Gifting: low. Price tier: budget. Impulse: high. Substitute group: poncho.,Retrospot design rain poncho,accessories,none,low,semi_durable,budget,high,poncho
21428,Set of three green gingham flower book boxes Category: home_storage. Seasonality: none. Gifting: medium. Price tier: mid. Impulse: low. Substitute group: storage_boxes.,Set of three green gingham flower book boxes,home_storage,none,medium,durable,mid,low,storage_boxes
21242,Red retrospot ceramic plate Category: kitchenware. Seasonality: none. Gifting: low. Price tier: budget. Impulse: high. Substitute group: plate.,Red retrospot ceramic plate,kitchenware,none,low,durable,budget,high,plate
21326,Aged silver glass tealight holder Category: home_decor. Seasonality: none. Gifting: low. Price tier: budget. Impulse: high. Substitute group: tlight_holder.,Aged silver glass tealight holder,home_decor,none,low,durable,budget,high,tlight_holder
84212,Assorted flower colour Hawaiian leis Category: party. Seasonality: spring_summer. Gifting: low. Price tier: budget. Impulse: high. Substitute group: party_accessory.,Assorted flower colour Hawaiian leis,party,spring_summer,low,semi_durable,budget,high,party_accessory
22243,Five-hook hanger in red magic toadstool design Category: home_decor. Seasonality: none. Gifting: medium. Price tier: budget. Impulse: medium. Substitute group: hook_hanger.,Five-hook hanger in red magic toadstool design,home_decor,none,medium,durable,budget,medium,hook_hanger
22637,Retrospot design piggy bank Category: home_decor. Seasonality: none. Gifting: medium. Price tier: mid. Impulse: high. Substitute group: money_bank.,Retrospot design piggy bank,home_decor,none,medium,durable,mid,high,money_bank
84987,Set of 36 teatime paper doilies Category: baking. Seasonality: none. Gifting: low. Price tier: budget. Impulse: high. Substitute group: doilies.,Set of 36 teatime paper doilies,baking,none,low,semi_durable,budget,high,doilies
47567B,Tea Time design kitchen apron Category: kitchenware. Seasonality: none. Gifting: medium. Price tier: mid. Impulse: low. Substitute group: apron.,Tea Time design kitchen apron,kitchenware,none,medium,durable,mid,low,apron
22488,Natural slate rectangle chalkboard Category: home_decor. Seasonality: none. Gifting: low. Price tier: budget. Impulse: medium. Substitute group: chalkboard.,Natural slate rectangle chalkboard,home_decor,none,low,durable,budget,medium,chalkboard
22468,String of ten Babushka lights Category: lighting. Seasonality: none. Gifting: medium. Price tier: mid. Impulse: medium. Substitute group: string_lights.,String of ten Babushka lights,lighting,none,medium,durable,mid,medium,string_lights
22844,Vintage cream dog food storage container Category: pet. Seasonality: none. Gifting: medium. Price tier: mid. Impulse: low. Substitute group: pet_container.,Vintage cream dog food storage container,pet,none,medium,durable,mid,low,pet_container
21260,Vintage-style first aid storage tin Category: home_storage. Seasonality: none. Gifting: medium. Price tier: mid. Impulse: medium. Substitute group: storage_tin.,Vintage-style first aid storage tin,home_storage,none,medium,durable,mid,medium,storage_tin
23300,Gardener's kneeling pad with Cup Of Tea design Category: garden. Seasonality: spring_summer. Gifting: medium. Price tier: budget. Impulse: medium. Substitute group: kneeling_pad.,Gardener's kneeling pad with Cup Of Tea design,garden,spring_summer,medium,durable,budget,medium,kneeling_pad
22508,Retrospot heart fabric doorstop Category: home_decor. Seasonality: valentine. Gifting: medium. Price tier: mid. Impulse: medium. Substitute group: doorstop.,Retrospot heart fabric doorstop,home_decor,valentine,medium,durable,mid,medium,doorstop
21429,Red gingham rose jewellery box Category: home_storage. Seasonality: none. Gifting: high. Price tier: budget. Impulse: medium. Substitute group: jewellery_box.,Red gingham rose jewellery box,home_storage,none,high,durable,budget,medium,jewellery_box
22649,Strawberry fairy cake design teapot Category: kitchenware. Seasonality: none. Gifting: high. Price tier: mid. Impulse: low. Substitute group: teapot.,Strawberry fairy cake design teapot,kitchenware,none,high,durable,mid,low,teapot
22151,White heart place setting decoration Category: home_decor. Seasonality: valentine. Gifting: low. Price tier: budget. Impulse: high. Substitute group: place_setting.,White heart place setting decoration,home_decor,valentine,low,durable,budget,high,place_setting
22988,Soldiers design ceramic egg cup Category: kitchenware. Seasonality: none. Gifting: medium. Price tier: budget. Impulse: high. Substitute group: egg_cup.,Soldiers design ceramic egg cup,kitchenware,none,medium,durable,budget,high,egg_cup
22795,Sweetheart-style recipe book stand Category: kitchenware. Seasonality: none. Gifting: high. Price tier: mid. Impulse: low. Substitute group: book_stand.,Sweetheart-style recipe book stand,kitchenware,none,high,durable,mid,low,book_stand
22740,Novelty polka-dot pen Category: stationery. Seasonality: none. Gifting: low. Price tier: budget. Impulse: high. Substitute group: pen.,Novelty polka-dot pen,stationery,none,low,semi_durable,budget,high,pen
37370,Assorted retro coffee mugs Category: kitchenware. Seasonality: none. Gifting: medium. Price tier: budget. Impulse: high. Substitute group: mug.,Assorted retro coffee mugs,kitchenware,none,medium,durable,budget,high,mug
22694,Woven wicker star decoration Category: home_decor. Seasonality: christmas. Gifting: medium. Price tier: budget. Impulse: high. Substitute group: wicker_star.,Woven wicker star decoration,home_decor,christmas,medium,durable,budget,high,wicker_star
22663,Large reusable jumbo bag in Dolly Girl design Category: bags. Seasonality: none. Gifting: low. Price tier: budget. Impulse: high. Substitute group: jumbo_bag.,Large reusable jumbo bag in Dolly Girl design,bags,none,low,durable,budget,high,jumbo_bag
21735,Two-door curio display cabinet Category: home_storage. Seasonality: none. Gifting: high. Price tier: premium. Impulse: low. Substitute group: cabinet.,Two-door curio display cabinet,home_storage,none,high,durable,premium,low,cabinet
21172,Novelty party metal sign Category: home_decor. Seasonality: none. Gifting: medium. Price tier: budget. Impulse: high. Substitute group: metal_sign.,Novelty party metal sign,home_decor,none,medium,durable,budget,high,metal_sign
22768,Cornice-style family photo frame Category: home_decor. Seasonality: none. Gifting: high. Price tier: premium. Impulse: low. Substitute group: frame.,Cornice-style family photo frame,home_decor,none,high,durable,premium,low,frame
22950,Set of 36 vintage Christmas doilies Category: christmas_decor. Seasonality: christmas. Gifting: low. Price tier: budget. Impulse: high. Substitute group: doilies.,Set of 36 vintage Christmas doilies,christmas_decor,christmas,low,semi_durable,budget,high,doilies
21868,Potting shed design tea mug Category: kitchenware. Seasonality: none. Gifting: medium. Price tier: budget. Impulse: high. Substitute group: mug.,Potting shed design tea mug,kitchenware,none,medium,durable,budget,high,mug
47599A,Pink party bags Category: party. Seasonality: none. Gifting: low. Price tier: budget. Impulse: high. Substitute group: party_bag.,Pink party bags,party,none,low,semi_durable,budget,high,party_bag
22620,Set of four traditional wooden spinning tops Category: toys. Seasonality: none. Gifting: medium. Price tier: budget. Impulse: high. Substitute group: spinning_top.,Set of four traditional wooden spinning tops,toys,none,medium,durable,budget,high,spinning_top
21922,Union stripe fringed garden hammock Category: outdoor. Seasonality: spring_summer. Gifting: high. Price tier: mid. Impulse: low. Substitute group: hammock.,Union stripe fringed garden hammock,outdoor,spring_summer,high,durable,mid,low,hammock
22130,Party cone Christmas tree decoration Category: christmas_decor. Seasonality: christmas. Gifting: low. Price tier: budget. Impulse: high. Substitute group: christmas_decoration.,Party cone Christmas tree decoration,christmas_decor,christmas,low,durable,budget,high,christmas_decoration
72351B,Set of six pink butterfly tealights Category: candles. Seasonality: none. Gifting: low. Price tier: budget. Impulse: high. Substitute group: tlight_candles.,Set of six pink butterfly tealights,candles,none,low,semi_durable,budget,high,tlight_candles
22417,Pack of 60 Spaceboy paper cake cases Category: baking. Seasonality: none. Gifting: low. Price tier: budget. Impulse: high. Substitute group: cake_cases.,Pack of 60 Spaceboy paper cake cases,baking,none,low,semi_durable,budget,high,cake_cases
21833,Camouflage design LED torch Category: novelty. Seasonality: none. Gifting: medium. Price tier: budget. Impulse: high. Substitute group: torch.,Camouflage design LED torch,novelty,none,medium,durable,budget,high,torch
22812,Pack of three boxes of Christmas pannetone gift boxes Category: christmas_decor. Seasonality: christmas. Gifting: medium. Price tier: budget. Impulse: medium. Substitute group: gift_box.,Pack of three boxes of Christmas pannetone gift boxes,christmas_decor,christmas,medium,semi_durable,budget,medium,gift_box
23170,Regency-style tea plate with roses Category: kitchenware. Seasonality: none. Gifting: high. Price tier: budget. Impulse: medium. Substitute group: tea_plate.,Regency-style tea plate with roses,kitchenware,none,high,durable,budget,medium,tea_plate
20828,Glitter butterfly hair clips Category: accessories. Seasonality: none. Gifting: low. Price tier: mid. Impulse: high. Substitute group: hair_clips.,Glitter butterfly hair clips,accessories,none,low,durable,mid,high,hair_clips
21907,Novelty metal sign reading I'm On Holiday Category: home_decor. Seasonality: spring_summer. Gifting: medium. Price tier: budget. Impulse: high. Substitute group: metal_sign.,Novelty metal sign reading I'm On Holiday,home_decor,spring_summer,medium,durable,budget,high,metal_sign
22174,Photo cube picture frame Category: home_decor. Seasonality: none. Gifting: medium. Price tier: budget. Impulse: medium. Substitute group: frame.,Photo cube picture frame,home_decor,none,medium,durable,budget,medium,frame
21498,Red retrospot gift wrap Category: stationery. Seasonality: none. Gifting: low. Price tier: budget. Impulse: high. Substitute group: gift_wrap.,Red retrospot gift wrap,stationery,none,low,semi_durable,budget,high,gift_wrap
22904,Paper cut design calendar Category: stationery. Seasonality: none. Gifting: medium. Price tier: mid. Impulse: medium. Substitute group: calendar.,Paper cut design calendar,stationery,none,medium,semi_durable,mid,medium,calendar
21749,Large red retrospot garden windmill Category: garden. Seasonality: spring_summer. Gifting: low. Price tier: budget. Impulse: high. Substitute group: windmill.,Large red retrospot garden windmill,garden,spring_summer,low,durable,budget,high,windmill
21558,Skull lunch box with cutlery Category: kitchenware. Seasonality: none. Gifting: medium. Price tier: mid. Impulse: high. Substitute group: lunch_box.,Skull lunch box with cutlery,kitchenware,none,medium,durable,mid,high,lunch_box
22595,Gingham heart hanging decoration Category: home_decor. Seasonality: valentine. Gifting: low. Price tier: budget. Impulse: high. Substitute group: hanging_heart.,Gingham heart hanging decoration,home_decor,valentine,low,durable,budget,high,hanging_heart
22274,Felt craft Emily doll Category: craft. Seasonality: none. Gifting: medium. Price tier: mid. Impulse: medium. Substitute group: felt_doll.,Felt craft Emily doll,craft,none,medium,durable,mid,medium,felt_doll
22668,Pink baby bunting decoration Category: party. Seasonality: none. Gifting: high. Price tier: mid. Impulse: medium. Substitute group: bunting.,Pink baby bunting decoration,party,none,high,durable,mid,medium,bunting
21086,Set of six red spotty paper cups Category: party. Seasonality: none. Gifting: low. Price tier: budget. Impulse: high. Substitute group: paper_cups.,Set of six red spotty paper cups,party,none,low,semi_durable,budget,high,paper_cups
22466,Fairy tale cottage children's night light Category: lighting. Seasonality: none. Gifting: high. Price tier: budget. Impulse: medium. Substitute group: night_light.,Fairy tale cottage children's night light,lighting,none,high,durable,budget,medium,night_light
22418,Ten-colour Spaceboy pen Category: stationery. Seasonality: none. Gifting: low. Price tier: budget. Impulse: high. Substitute group: pen.,Ten-colour Spaceboy pen,stationery,none,low,semi_durable,budget,high,pen
22064,Pink doughnut-shaped trinket pot Category: home_decor. Seasonality: none. Gifting: low. Price tier: budget. Impulse: high. Substitute group: trinket_box.,Pink doughnut-shaped trinket pot,home_decor,none,low,durable,budget,high,trinket_box
21624,Vintage Union Jack fabric doorstop Category: home_decor. Seasonality: none. Gifting: medium. Price tier: mid. Impulse: medium. Substitute group: doorstop.,Vintage Union Jack fabric doorstop,home_decor,none,medium,durable,mid,medium,doorstop
22348,Red retrospot tea bag plate Category: kitchenware. Seasonality: none. Gifting: low. Price tier: budget. Impulse: high. Substitute group: tea_plate.,Red retrospot tea bag plate,kitchenware,none,low,durable,budget,high,tea_plate
21890,Set of six wooden skittles in a cotton bag Category: toys. Seasonality: none. Gifting: medium. Price tier: mid. Impulse: medium. Substitute group: skittles.,Set of six wooden skittles in a cotton bag,toys,none,medium,durable,mid,medium,skittles
21974,Set of 36 paisley flower paper doilies Category: baking. Seasonality: none. Gifting: low. Price tier: budget. Impulse: high. Substitute group: doilies.,Set of 36 paisley flower paper doilies,baking,none,low,semi_durable,budget,high,doilies
82001S,Silver vinyl record picture frame Category: home_decor. Seasonality: none. Gifting: medium. Price tier: mid. Impulse: medium. Substitute group: frame.,Silver vinyl record picture frame,home_decor,none,medium,durable,mid,medium,frame
22725,Chocolate-colour Bakelite-style retro alarm clock Category: home_decor. Seasonality: none. Gifting: high. Price tier: mid. Impulse: medium. Substitute group: alarm_clock.,Chocolate-colour Bakelite-style retro alarm clock,home_decor,none,high,durable,mid,medium,alarm_clock
22349,Dog bowl with chasing ball design Category: pet. Seasonality: none. Gifting: low. Price tier: mid. Impulse: medium. Substitute group: pet_bowl.,Dog bowl with chasing ball design,pet,none,low,durable,mid,medium,pet_bowl
20754,Retrospot red washing up gloves Category: home_utility. Seasonality: none. Gifting: low. Price tier: budget. Impulse: medium. Substitute group: washing_gloves.,Retrospot red washing up gloves,home_utility,none,low,semi_durable,budget,medium,washing_gloves
22645,Ceramic heart fairy cake money bank Category: home_decor. Seasonality: valentine. Gifting: medium. Price tier: budget. Impulse: high. Substitute group: money_bank.,Ceramic heart fairy cake money bank,home_decor,valentine,medium,durable,budget,high,money_bank
21982,Pack of 12 Suki design tissues Category: novelty. Seasonality: none. Gifting: low. Price tier: budget. Impulse: high. Substitute group: tissues.,Pack of 12 Suki design tissues,novelty,none,low,semi_durable,budget,high,tissues
22302,Coffee mug with pears design Category: kitchenware. Seasonality: none. Gifting: medium. Price tier: mid. Impulse: high. Substitute group: mug.,Coffee mug with pears design,kitchenware,none,medium,durable,mid,high,mug
22966,Gingerbread man cookie cutter Category: baking. Seasonality: christmas. Gifting: low. Price tier: budget. Impulse: high. Substitute group: cookie_cutters.,Gingerbread man cookie cutter,baking,christmas,low,durable,budget,high,cookie_cutters
22771,Clear acrylic Edwardian-style drawer knob Category: home_hardware. Seasonality: none. Gifting: low. Price tier: budget. Impulse: medium. Substitute group: drawer_knob.,Clear acrylic Edwardian-style drawer knob,home_hardware,none,low,durable,budget,medium,drawer_knob
23208,Insulated lunch bag in vintage leaf design Category: bags. Seasonality: none. Gifting: low. Price tier: budget. Impulse: high. Substitute group: lunch_bag.,Insulated lunch bag in vintage leaf design,bags,none,low,durable,budget,high,lunch_bag
22120,Wooden block letters spelling WELCOME Category: home_decor. Seasonality: none. Gifting: high. Price tier: premium. Impulse: low. Substitute group: block_word.,Wooden block letters spelling WELCOME,home_decor,none,high,durable,premium,low,block_word
22180,Retrospot design table lamp Category: lighting. Seasonality: none. Gifting: high. Price tier: premium. Impulse: low. Substitute group: lamp.,Retrospot design table lamp,lighting,none,high,durable,premium,low,lamp
22748,Poppy's Playhouse kitchen dolls house toy Category: toys. Seasonality: none. Gifting: high. Price tier: mid. Impulse: medium. Substitute group: dolls_house.,Poppy's Playhouse kitchen dolls house toy,toys,none,high,durable,mid,medium,dolls_house
20682,Red retrospot children's umbrella Category: accessories. Seasonality: none. Gifting: medium. Price tier: mid. Impulse: medium. Substitute group: umbrella.,Red retrospot children's umbrella,accessories,none,medium,durable,mid,medium,umbrella
22992,Revolver-shaped novelty wooden ruler Category: stationery. Seasonality: none. Gifting: low. Price tier: budget. Impulse: high. Substitute group: ruler.,Revolver-shaped novelty wooden ruler,stationery,none,low,durable,budget,high,ruler
21892,Traditional wooden catch cup game Category: toys. Seasonality: none. Gifting: medium. Price tier: budget. Impulse: high. Substitute group: wooden_game.,Traditional wooden catch cup game,toys,none,medium,durable,budget,high,wooden_game
21781,Ma Campagne wooden cutlery box Category: kitchenware. Seasonality: none. Gifting: high. Price tier: premium. Impulse: low. Substitute group: cutlery_box.,Ma Campagne wooden cutlery box,kitchenware,none,high,durable,premium,low,cutlery_box
20979,Tube of 36 red retrospot pencils Category: stationery. Seasonality: none. Gifting: low. Price tier: budget. Impulse: high. Substitute group: pencils.,Tube of 36 red retrospot pencils,stationery,none,low,semi_durable,budget,high,pencils
21531,Red retrospot sugar and jam bowl Category: kitchenware. Seasonality: none. Gifting: medium. Price tier: mid. Impulse: medium. Substitute group: sugar_bowl.,Red retrospot sugar and jam bowl,kitchenware,none,medium,durable,mid,medium,sugar_bowl
22089,Vintage paisley paper bunting Category: party. Seasonality: none. Gifting: low. Price tier: mid. Impulse: medium. Substitute group: bunting.,Vintage paisley paper bunting,party,none,low,semi_durable,mid,medium,bunting
21756,Wooden building blocks spelling the word BATH Category: bathroom. Seasonality: none. Gifting: high. Price tier: mid. Impulse: low. Substitute group: block_word.,Wooden building blocks spelling the word BATH,bathroom,none,high,durable,mid,low,block_word
22840,Vintage red round cake storage tin Category: kitchenware. Seasonality: none. Gifting: medium. Price tier: mid. Impulse: low. Substitute group: cake_tins.,Vintage red round cake storage tin,kitchenware,none,medium,durable,mid,low,cake_tins
84880,White wire egg holder rack Category: kitchenware. Seasonality: none. Gifting: medium. Price tier: mid. Impulse: low. Substitute group: egg_holder.,White wire egg holder rack,kitchenware,none,medium,durable,mid,low,egg_holder
22380,Spaceboy design children's toy tidy storage Category: home_storage. Seasonality: none. Gifting: medium. Price tier: mid. Impulse: medium. Substitute group: toy_tidy.,Spaceboy design children's toy tidy storage,home_storage,none,medium,durable,mid,medium,toy_tidy
21488,Hot water bottle with red and white scarf cover Category: home_comfort. Seasonality: none. Gifting: high. Price tier: mid. Impulse: medium. Substitute group: hot_water_bottle.,Hot water bottle with red and white scarf cover,home_comfort,none,high,durable,mid,medium,hot_water_bottle
84792,Enchanted bird five-hook coat hanger Category: home_decor. Seasonality: none. Gifting: medium. Price tier: mid. Impulse: low. Substitute group: coat_hanger.,Enchanted bird five-hook coat hanger,home_decor,none,medium,durable,mid,low,coat_hanger
21033,Large reusable jumbo bag in Charlie and Lola toys design Category: bags. Seasonality: none. Gifting: low. Price tier: mid. Impulse: high. Substitute group: jumbo_bag.,Large reusable jumbo bag in Charlie and Lola toys design,bags,none,low,durable,mid,high,jumbo_bag
22970,London bus design coffee mug Category: kitchenware. Seasonality: none. Gifting: medium. Price tier: mid. Impulse: high. Substitute group: mug.,London bus design coffee mug,kitchenware,none,medium,durable,mid,high,mug
22300,Coffee mug with dog and ball design Category: kitchenware. Seasonality: none. Gifting: medium. Price tier: mid. Impulse: high. Substitute group: mug.,Coffee mug with dog and ball design,kitchenware,none,medium,durable,mid,high,mug
22429,Cream enamel measuring jug Category: kitchenware. Seasonality: none. Gifting: medium. Price tier: mid. Impulse: low. Substitute group: jug.,Cream enamel measuring jug,kitchenware,none,medium,durable,mid,low,jug
22327,Set of four round snack boxes in skulls design Category: kitchenware. Seasonality: none. Gifting: medium. Price tier: mid. Impulse: medium. Substitute group: snack_boxes.,Set of four round snack boxes in skulls design,kitchenware,none,medium,durable,mid,medium,snack_boxes
22131,Set of three love heart food containers Category: kitchenware. Seasonality: valentine. Gifting: medium. Price tier: budget. Impulse: medium. Substitute group: food_container.,Set of three love heart food containers,kitchenware,valentine,medium,durable,budget,medium,food_container
23171,Green Regency-style tea plate Category: kitchenware. Seasonality: none. Gifting: high. Price tier: budget. Impulse: medium. Substitute group: tea_plate.,Green Regency-style tea plate,kitchenware,none,high,durable,budget,medium,tea_plate
22745,Poppy's Playhouse bedroom dolls house toy Category: toys. Seasonality: none. Gifting: high. Price tier: mid. Impulse: medium. Substitute group: dolls_house.,Poppy's Playhouse bedroom dolls house toy,toys,none,high,durable,mid,medium,dolls_house
79000,Moroccan-style tea glass Category: kitchenware. Seasonality: none. Gifting: low. Price tier: budget. Impulse: high. Substitute group: tea_glass.,Moroccan-style tea glass,kitchenware,none,low,durable,budget,high,tea_glass
22549,Picture dominoes game for children Category: toys. Seasonality: none. Gifting: medium. Price tier: budget. Impulse: high. Substitute group: wooden_game.,Picture dominoes game for children,toys,none,medium,durable,budget,high,wooden_game
23076,Ice cream sundae novelty lip gloss Category: novelty. Seasonality: none. Gifting: low. Price tier: budget. Impulse: high. Substitute group: lip_gloss.,Ice cream sundae novelty lip gloss,novelty,none,low,semi_durable,budget,high,lip_gloss
20677,Pink polka-dot ceramic bowl Category: kitchenware. Seasonality: none. Gifting: low. Price tier: budget. Impulse: high. Substitute group: bowl.,Pink polka-dot ceramic bowl,kitchenware,none,low,durable,budget,high,bowl
22942,String of ten Santa-shaped Christmas lights Category: christmas_decor. Seasonality: christmas. Gifting: high. Price tier: premium. Impulse: medium. Substitute group: string_lights.,String of ten Santa-shaped Christmas lights,christmas_decor,christmas,high,durable,premium,medium,string_lights
20829,Glitter hanging butterfly string decoration Category: home_decor. Seasonality: none. Gifting: low. Price tier: mid. Impulse: high. Substitute group: hanging_decoration.,Glitter hanging butterfly string decoration,home_decor,none,low,durable,mid,high,hanging_decoration
22665,Recipe box in blue sketchbook design Category: kitchenware. Seasonality: none. Gifting: high. Price tier: mid. Impulse: medium. Substitute group: recipe_box.,Recipe box in blue sketchbook design,kitchenware,none,high,durable,mid,medium,recipe_box
16014,Small Chinese-style scissors Category: stationery. Seasonality: none. Gifting: low. Price tier: budget. Impulse: high. Substitute group: scissors.,Small Chinese-style scissors,stationery,none,low,durable,budget,high,scissors
47570B,Tea Time design tablecloth Category: kitchenware. Seasonality: none. Gifting: medium. Price tier: premium. Impulse: low. Substitute group: tablecloth.,Tea Time design tablecloth,kitchenware,none,medium,durable,premium,low,tablecloth
35961,Folkart zinc heart Christmas decoration Category: christmas_decor. Seasonality: christmas. Gifting: low. Price tier: budget. Impulse: high. Substitute group: christmas_decoration.,Folkart zinc heart Christmas decoration,christmas_decor,christmas,low,durable,budget,high,christmas_decoration
22767,Cornice-style triple photo frame Category: home_decor. Seasonality: none. Gifting: high. Price tier: premium. Impulse: low. Substitute group: frame.,Cornice-style triple photo frame,home_decor,none,high,durable,premium,low,frame
82552,Novelty washroom metal sign Category: home_decor. Seasonality: none. Gifting: low. Price tier: budget. Impulse: high. Substitute group: metal_sign.,Novelty washroom metal sign,home_decor,none,low,durable,budget,high,metal_sign
20970,Pink floral felt craft shoulder bag Category: bags. Seasonality: none. Gifting: medium. Price tier: mid. Impulse: high. Substitute group: shoulder_bag.,Pink floral felt craft shoulder bag,bags,none,medium,durable,mid,high,shoulder_bag
84030E,English rose design hot water bottle Category: home_comfort. Seasonality: none. Gifting: high. Price tier: mid. Impulse: medium. Substitute group: hot_water_bottle.,English rose design hot water bottle,home_comfort,none,high,durable,mid,medium,hot_water_bottle
23175,Pink Regency-style ceramic milk jug Category: kitchenware. Seasonality: none. Gifting: high. Price tier: mid. Impulse: low. Substitute group: milk_jug.,Pink Regency-style ceramic milk jug,kitchenware,none,high,durable,mid,low,milk_jug
22978,Pantry design wooden rolling pin Category: kitchenware. Seasonality: none. Gifting: medium. Price tier: mid. Impulse: low. Substitute group: rolling_pin.,Pantry design wooden rolling pin,kitchenware,none,medium,durable,mid,low,rolling_pin
22121,Wooden block letters spelling NOEL Category: christmas_decor. Seasonality: christmas. Gifting: high. Price tier: mid. Impulse: medium. Substitute group: block_word.,Wooden block letters spelling NOEL,christmas_decor,christmas,high,durable,mid,medium,block_word
21716,Boys' vintage tin seaside bucket Category: toys. Seasonality: spring_summer. Gifting: medium. Price tier: mid. Impulse: high. Substitute group: seaside_bucket.,Boys' vintage tin seaside bucket,toys,spring_summer,medium,durable,mid,high,seaside_bucket
84692,Box of 24 cocktail parasols Category: party. Seasonality: spring_summer. Gifting: low. Price tier: budget. Impulse: high. Substitute group: party_accessory.,Box of 24 cocktail parasols,party,spring_summer,low,semi_durable,budget,high,party_accessory
21385,Ivory hanging heart decoration Category: home_decor. Seasonality: valentine. Gifting: medium. Price tier: budget. Impulse: high. Substitute group: hanging_heart.,Ivory hanging heart decoration,home_decor,valentine,medium,durable,budget,high,hanging_heart
22072,Red retrospot teacup and saucer Category: kitchenware. Seasonality: none. Gifting: high. Price tier: mid. Impulse: medium. Substitute group: teacup_saucer.,Red retrospot teacup and saucer,kitchenware,none,high,durable,mid,medium,teacup_saucer
21658,Glass beurre butter dish Category: kitchenware. Seasonality: none. Gifting: medium. Price tier: mid. Impulse: low. Substitute group: butter_dish.,Glass beurre butter dish,kitchenware,none,medium,durable,mid,low,butter_dish
22195,Large heart-shaped measuring spoons Category: kitchenware. Seasonality: valentine. Gifting: medium. Price tier: budget. Impulse: high. Substitute group: measuring_spoons.,Large heart-shaped measuring spoons,kitchenware,valentine,medium,durable,budget,high,measuring_spoons
22357,Kings Choice design biscuit storage tin Category: kitchenware. Seasonality: none. Gifting: medium. Price tier: mid. Impulse: medium. Substitute group: biscuit_tin.,Kings Choice design biscuit storage tin,kitchenware,none,medium,durable,mid,medium,biscuit_tin
22219,White lovebird hanging decoration Category: home_decor. Seasonality: valentine. Gifting: medium. Price tier: budget. Impulse: high. Substitute group: hanging_decoration.,White lovebird hanging decoration,home_decor,valentine,medium,durable,budget,high,hanging_decoration
84032A,Charlie and Lola pink children's hot water bottle Category: home_comfort. Seasonality: none. Gifting: high. Price tier: mid. Impulse: medium. Substitute group: hot_water_bottle.,Charlie and Lola pink children's hot water bottle,home_comfort,none,high,durable,mid,medium,hot_water_bottle
22839,Three-tier green and cream cake tin set Category: kitchenware. Seasonality: none. Gifting: high. Price tier: premium. Impulse: low. Substitute group: cake_tins.,Three-tier green and cream cake tin set,kitchenware,none,high,durable,premium,low,cake_tins
21745,Gaolers keys decorative garden ornament Category: garden. Seasonality: none. Gifting: medium. Price tier: mid. Impulse: low. Substitute group: garden_ornament.,Gaolers keys decorative garden ornament,garden,none,medium,durable,mid,low,garden_ornament
21243,Pink polka-dot ceramic plate Category: kitchenware. Seasonality: none. Gifting: low. Price tier: budget. Impulse: high. Substitute group: plate.,Pink polka-dot ceramic plate,kitchenware,none,low,durable,budget,high,plate
21041,Red retrospot double oven glove Category: kitchenware. Seasonality: none. Gifting: low. Price tier: mid. Impulse: medium. Substitute group: oven_glove.,Red retrospot double oven glove,kitchenware,none,low,durable,mid,medium,oven_glove
22656,Vintage blue kitchen cabinet furniture Category: furniture. Seasonality: none. Gifting: low. Price tier: premium. Impulse: low. Substitute group: cabinet.,Vintage blue kitchen cabinet furniture,furniture,none,low,durable,premium,low,cabinet
23319,Box of six mini 1950s Christmas crackers Category: christmas_decor. Seasonality: christmas. Gifting: medium. Price tier: budget. Impulse: high. Substitute group: crackers.,Box of six mini 1950s Christmas crackers,christmas_decor,christmas,medium,semi_durable,budget,high,crackers
22110,Bird house design hot water bottle Category: home_comfort. Seasonality: none. Gifting: medium. Price tier: mid. Impulse: medium. Substitute group: hot_water_bottle.,Bird house design hot water bottle,home_comfort,none,medium,durable,mid,medium,hot_water_bottle
22141,Christmas craft tree top angel kit Category: christmas_decor. Seasonality: christmas. Gifting: medium. Price tier: budget. Impulse: medium. Substitute group: christmas_decoration.,Christmas craft tree top angel kit,christmas_decor,christmas,medium,durable,budget,medium,christmas_decoration
22244,Three-hook hanger in magic garden design Category: home_decor. Seasonality: none. Gifting: medium. Price tier: budget. Impulse: medium. Substitute group: hook_hanger.,Three-hook hanger in magic garden design,home_decor,none,medium,durable,budget,medium,hook_hanger
22741,Funky diva novelty pen Category: stationery. Seasonality: none. Gifting: low. Price tier: budget. Impulse: high. Substitute group: pen.,Funky diva novelty pen,stationery,none,low,semi_durable,budget,high,pen
21777,Recipe box with metal heart detail Category: kitchenware. Seasonality: none. Gifting: high. Price tier: mid. Impulse: low. Substitute group: recipe_box.,Recipe box with metal heart detail,kitchenware,none,high,durable,mid,low,recipe_box
20747,Piccadilly-style ceramic tea set Category: kitchenware. Seasonality: none. Gifting: high. Price tier: premium. Impulse: low. Substitute group: tea_set.,Piccadilly-style ceramic tea set,kitchenware,none,high,durable,premium,low,tea_set
22371,Vintage Tokyo 78 airline-style bag Category: bags. Seasonality: none. Gifting: medium. Price tier: mid. Impulse: medium. Substitute group: travel_bag.,Vintage Tokyo 78 airline-style bag,bags,none,medium,durable,mid,medium,travel_bag
21933,Pink vintage paisley insulated picnic bag Category: bags. Seasonality: spring_summer. Gifting: medium. Price tier: mid. Impulse: medium. Substitute group: picnic_bag.,Pink vintage paisley insulated picnic bag,bags,spring_summer,medium,durable,mid,medium,picnic_bag
51008,Pair of Afghan slipper socks Category: accessories. Seasonality: none. Gifting: medium. Price tier: mid. Impulse: medium. Substitute group: slipper_socks.,Pair of Afghan slipper socks,accessories,none,medium,semi_durable,mid,medium,slipper_socks
23318,Box of six mini vintage Christmas crackers Category: christmas_decor. Seasonality: christmas. Gifting: medium. Price tier: budget. Impulse: high. Substitute group: crackers.,Box of six mini vintage Christmas crackers,christmas_decor,christmas,medium,semi_durable,budget,high,crackers
23080,Red metal storage box reading Top Secret Category: home_storage. Seasonality: none. Gifting: medium. Price tier: mid. Impulse: medium. Substitute group: storage_tin.,Red metal storage box reading Top Secret,home_storage,none,medium,durable,mid,medium,storage_tin
21985,Pack of 12 hearts design tissues Category: novelty. Seasonality: valentine. Gifting: low. Price tier: budget. Impulse: high. Substitute group: tissues.,Pack of 12 hearts design tissues,novelty,valentine,low,semi_durable,budget,high,tissues
21715,Girls' vintage tin seaside bucket Category: toys. Seasonality: spring_summer. Gifting: medium. Price tier: mid. Impulse: high. Substitute group: seaside_bucket.,Girls' vintage tin seaside bucket,toys,spring_summer,medium,durable,mid,high,seaside_bucket
22989,Set of two pantry design tea towels Category: kitchenware. Seasonality: none. Gifting: medium. Price tier: mid. Impulse: medium. Substitute group: tea_towels.,Set of two pantry design tea towels,kitchenware,none,medium,durable,mid,medium,tea_towels
23439,Reusable hand warmer with red love heart Category: accessories. Seasonality: valentine. Gifting: medium. Price tier: budget. Impulse: high. Substitute group: hand_warmer.,Reusable hand warmer with red love heart,accessories,valentine,medium,durable,budget,high,hand_warmer
23322,Large white woven wicker heart decoration Category: home_decor. Seasonality: valentine. Gifting: high. Price tier: mid. Impulse: medium. Substitute group: wicker_heart.,Large white woven wicker heart decoration,home_decor,valentine,high,durable,mid,medium,wicker_heart
22215,White two-tier lace cake stand Category: kitchenware. Seasonality: none. Gifting: high. Price tier: premium. Impulse: low. Substitute group: cake_stand.,White two-tier lace cake stand,kitchenware,none,high,durable,premium,low,cake_stand
21042,Red retrospot kitchen apron Category: kitchenware. Seasonality: none. Gifting: medium. Price tier: mid. Impulse: low. Substitute group: apron.,Red retrospot kitchen apron,kitchenware,none,medium,durable,mid,low,apron
20974,Pack of 12 small skull design pencils Category: stationery. Seasonality: none. Gifting: low. Price tier: budget. Impulse: high. Substitute group: pencils.,Pack of 12 small skull design pencils,stationery,none,low,semi_durable,budget,high,pencils
22212,Four-hook white lovebirds coat hook Category: home_decor. Seasonality: none. Gifting: medium. Price tier: budget. Impulse: medium. Substitute group: hook_hanger.,Four-hook white lovebirds coat hook,home_decor,none,medium,durable,budget,medium,hook_hanger
84839,Sweetheart-style wall key cabinet Category: home_storage. Seasonality: none. Gifting: high. Price tier: mid. Impulse: low. Substitute group: key_cabinet.,Sweetheart-style wall key cabinet,home_storage,none,high,durable,mid,low,key_cabinet
22895,Set of two apple and pears tea towels Category: kitchenware. Seasonality: none. Gifting: medium. Price tier: mid. Impulse: medium. Substitute group: tea_towels.,Set of two apple and pears tea towels,kitchenware,none,medium,durable,mid,medium,tea_towels
85049E,Scandinavian reds decorative ribbons Category: christmas_decor. Seasonality: christmas. Gifting: low. Price tier: budget. Impulse: medium. Substitute group: ribbon.,Scandinavian reds decorative ribbons,christmas_decor,christmas,low,semi_durable,budget,medium,ribbon
21135,Victorian metal postcard spring holder Category: home_decor. Seasonality: none. Gifting: low. Price tier: budget. Impulse: medium. Substitute group: card_holder.,Victorian metal postcard spring holder,home_decor,none,low,durable,budget,medium,card_holder
22751,Felt craft Princess Olivia doll Category: craft. Seasonality: none. Gifting: medium. Price tier: mid. Impulse: medium. Substitute group: felt_doll.,Felt craft Princess Olivia doll,craft,none,medium,durable,mid,medium,felt_doll
21980,Pack of 12 red retrospot tissues Category: novelty. Seasonality: none. Gifting: low. Price tier: budget. Impulse: high. Substitute group: tissues.,Pack of 12 red retrospot tissues,novelty,none,low,semi_durable,budget,high,tissues
22283,Painted wood six-egg storage house Category: kitchenware. Seasonality: none. Gifting: high. Price tier: mid. Impulse: low. Substitute group: egg_holder.,Painted wood six-egg storage house,kitchenware,none,high,durable,mid,low,egg_holder
23256,Children's Spaceboy cutlery set Category: kitchenware. Seasonality: none. Gifting: medium. Price tier: mid. Impulse: medium. Substitute group: cutlery_set.,Children's Spaceboy cutlery set,kitchenware,none,medium,durable,mid,medium,cutlery_set
72807C,Set of three vanilla scented candles in a box Category: candles. Seasonality: none. Gifting: high. Price tier: mid. Impulse: high. Substitute group: candle.,Set of three vanilla scented candles in a box,candles,none,high,semi_durable,mid,high,candle
21381,Mini wooden Happy Birthday garland Category: party. Seasonality: none. Gifting: medium. Price tier: budget. Impulse: medium. Substitute group: garland.,Mini wooden Happy Birthday garland,party,none,medium,durable,budget,medium,garland
22073,Red retrospot ceramic storage jar Category: kitchenware. Seasonality: none. Gifting: medium. Price tier: mid. Impulse: medium. Substitute group: storage_jar.,Red retrospot ceramic storage jar,kitchenware,none,medium,durable,mid,medium,storage_jar
23534,Wall art print reading Stop For Tea Category: home_decor. Seasonality: none. Gifting: medium. Price tier: mid. Impulse: medium. Substitute group: wall_art.,Wall art print reading Stop For Tea,home_decor,none,medium,durable,mid,medium,wall_art
22078,Reel of lace design decorative ribbon Category: craft. Seasonality: none. Gifting: low. Price tier: budget. Impulse: medium. Substitute group: ribbon.,Reel of lace design decorative ribbon,craft,none,low,semi_durable,budget,medium,ribbon
23082,Set of six heart paper table lanterns Category: party. Seasonality: valentine. Gifting: low. Price tier: mid. Impulse: medium. Substitute group: paper_lantern.,Set of six heart paper table lanterns,party,valentine,low,semi_durable,mid,medium,paper_lantern
22354,Retrospot padded seat cushion Category: home_textiles. Seasonality: none. Gifting: medium. Price tier: mid. Impulse: low. Substitute group: cushion.,Retrospot padded seat cushion,home_textiles,none,medium,durable,mid,low,cushion
21769,Vintage post office cabinet furniture Category: furniture. Seasonality: none. Gifting: low. Price tier: premium. Impulse: low. Substitute group: cabinet.,Vintage post office cabinet furniture,furniture,none,low,durable,premium,low,cabinet
22358,Kings Choice design tea caddy tin Category: kitchenware. Seasonality: none. Gifting: medium. Price tier: mid. Impulse: medium. Substitute group: storage_tin.,Kings Choice design tea caddy tin,kitchenware,none,medium,durable,mid,medium,storage_tin
23078,Ice cream pen with lip gloss Category: novelty. Seasonality: none. Gifting: low. Price tier: budget. Impulse: high. Substitute group: lip_gloss.,Ice cream pen with lip gloss,novelty,none,low,semi_durable,budget,high,lip_gloss
22079,Reel of hearts design decorative ribbon Category: craft. Seasonality: valentine. Gifting: low. Price tier: budget. Impulse: medium. Substitute group: ribbon.,Reel of hearts design decorative ribbon,craft,valentine,low,semi_durable,budget,medium,ribbon
21932,Scandinavian paisley insulated picnic bag Category: bags. Seasonality: spring_summer. Gifting: medium. Price tier: mid. Impulse: medium. Substitute group: picnic_bag.,Scandinavian paisley insulated picnic bag,bags,spring_summer,medium,durable,mid,medium,picnic_bag
21186,White dove honeycomb paper garland Category: party. Seasonality: none. Gifting: low. Price tier: budget. Impulse: medium. Substitute group: garland.,White dove honeycomb paper garland,party,none,low,semi_durable,budget,medium,garland
21411,Red gingham heart fabric doorstop Category: home_decor. Seasonality: valentine. Gifting: medium. Price tier: mid. Impulse: medium. Substitute group: doorstop.,Red gingham heart fabric doorstop,home_decor,valentine,medium,durable,mid,medium,doorstop
23493,Vintage doily travel sewing kit Category: craft. Seasonality: none. Gifting: medium. Price tier: budget. Impulse: high. Substitute group: sewing_kit.,Vintage doily travel sewing kit,craft,none,medium,durable,budget,high,sewing_kit
48189,Coir doormat with friendship design Category: home_decor. Seasonality: none. Gifting: medium. Price tier: mid. Impulse: low. Substitute group: doormat.,Coir doormat with friendship design,home_decor,none,medium,durable,mid,low,doormat
79323LP,String of light pink cherry fairy lights Category: lighting. Seasonality: none. Gifting: medium. Price tier: mid. Impulse: medium. Substitute group: string_lights.,String of light pink cherry fairy lights,lighting,none,medium,durable,mid,medium,string_lights
23321,Small white woven wicker heart decoration Category: home_decor. Seasonality: valentine. Gifting: high. Price tier: budget. Impulse: high. Substitute group: wicker_heart.,Small white woven wicker heart decoration,home_decor,valentine,high,durable,budget,high,wicker_heart
23535,Wall art print on bicycle safety Category: home_decor. Seasonality: none. Gifting: medium. Price tier: mid. Impulse: medium. Substitute group: wall_art.,Wall art print on bicycle safety,home_decor,none,medium,durable,mid,medium,wall_art
22329,Set of five round retrospot storage containers Category: kitchenware. Seasonality: none. Gifting: medium. Price tier: budget. Impulse: medium. Substitute group: food_container.,Set of five round retrospot storage containers,kitchenware,none,medium,durable,budget,medium,food_container
21244,Blue polka-dot ceramic plate Category: kitchenware. Seasonality: none. Gifting: low. Price tier: budget. Impulse: high. Substitute group: plate.,Blue polka-dot ceramic plate,kitchenware,none,low,durable,budget,high,plate
21874,Gin and Tonic novelty ceramic mug Category: kitchenware. Seasonality: none. Gifting: medium. Price tier: budget. Impulse: high. Substitute group: mug.,Gin and Tonic novelty ceramic mug,kitchenware,none,medium,durable,budget,high,mug
22275,Vintage rose paisley weekend travel bag Category: bags. Seasonality: none. Gifting: high. Price tier: premium. Impulse: low. Substitute group: travel_bag.,Vintage rose paisley weekend travel bag,bags,none,high,durable,premium,low,travel_bag
22628,Set of three retrospot picnic boxes Category: kitchenware. Seasonality: spring_summer. Gifting: medium. Price tier: mid. Impulse: medium. Substitute group: food_container.,Set of three retrospot picnic boxes,kitchenware,spring_summer,medium,durable,mid,medium,food_container
21934,Skull design shoulder bag Category: bags. Seasonality: none. Gifting: medium. Price tier: budget. Impulse: high. Substitute group: shoulder_bag.,Skull design shoulder bag,bags,none,medium,durable,budget,high,shoulder_bag
22689,Red Merry Christmas coir doormat Category: christmas_decor. Seasonality: christmas. Gifting: medium. Price tier: mid. Impulse: low. Substitute group: doormat.,Red Merry Christmas coir doormat,christmas_decor,christmas,medium,durable,mid,low,doormat
22738,Reel of snowy village design ribbon Category: christmas_decor. Seasonality: christmas. Gifting: low. Price tier: budget. Impulse: medium. Substitute group: ribbon.,Reel of snowy village design ribbon,christmas_decor,christmas,low,semi_durable,budget,medium,ribbon
85049A,Traditional Christmas decorative ribbons Category: christmas_decor. Seasonality: christmas. Gifting: low. Price tier: budget. Impulse: medium. Substitute group: ribbon.,Traditional Christmas decorative ribbons,christmas_decor,christmas,low,semi_durable,budget,medium,ribbon
85067,Cream sweetheart-style wall cabinet Category: home_storage. Seasonality: none. Gifting: high. Price tier: premium. Impulse: low. Substitute group: cabinet.,Cream sweetheart-style wall cabinet,home_storage,none,high,durable,premium,low,cabinet
85064,Cream sweetheart-style letter rack Category: home_storage. Seasonality: none. Gifting: high. Price tier: mid. Impulse: low. Substitute group: letter_rack.,Cream sweetheart-style letter rack,home_storage,none,high,durable,mid,low,letter_rack
21238,Red retrospot ceramic cup Category: kitchenware. Seasonality: none. Gifting: low. Price tier: budget. Impulse: high. Substitute group: cup.,Red retrospot ceramic cup,kitchenware,none,low,durable,budget,high,cup
84032B,Charlie and Lola red children's hot water bottle Category: home_comfort. Seasonality: none. Gifting: high. Price tier: mid. Impulse: medium. Substitute group: hot_water_bottle.,Charlie and Lola red children's hot water bottle,home_comfort,none,high,durable,mid,medium,hot_water_bottle
22504,Vintage retrospot cabin travel bag Category: bags. Seasonality: none. Gifting: high. Price tier: premium. Impulse: low. Substitute group: travel_bag.,Vintage retrospot cabin travel bag,bags,none,high,durable,premium,low,travel_bag
22796,Set of three classic hanging photo frames Category: home_decor. Seasonality: none. Gifting: high. Price tier: premium. Impulse: low. Substitute group: frame.,Set of three classic hanging photo frames,home_decor,none,high,durable,premium,low,frame
22890,Novelty biscuits three-tier cake stand Category: kitchenware. Seasonality: none. Gifting: high. Price tier: premium. Impulse: low. Substitute group: cake_stand.,Novelty biscuits three-tier cake stand,kitchenware,none,high,durable,premium,low,cake_stand
22055,Mini cake stand with hanging strawberry decorations Category: kitchenware. Seasonality: none. Gifting: medium. Price tier: budget. Impulse: medium. Substitute group: cake_stand.,Mini cake stand with hanging strawberry decorations,kitchenware,none,medium,durable,budget,medium,cake_stand
20675,Blue polka-dot ceramic bowl Category: kitchenware. Seasonality: none. Gifting: low. Price tier: budget. Impulse: high. Substitute group: bowl.,Blue polka-dot ceramic bowl,kitchenware,none,low,durable,budget,high,bowl
82551,Laundry novelty metal sign Category: home_decor. Seasonality: none. Gifting: low. Price tier: budget. Impulse: high. Substitute group: metal_sign.,Laundry novelty metal sign,home_decor,none,low,durable,budget,high,metal_sign
21116,Owl-shaped fabric doorstop Category: home_decor. Seasonality: none. Gifting: high. Price tier: mid. Impulse: medium. Substitute group: doorstop.,Owl-shaped fabric doorstop,home_decor,none,high,durable,mid,medium,doorstop
84508A,Camouflage design teddy bear Category: toys. Seasonality: none. Gifting: high. Price tier: mid. Impulse: medium. Substitute group: teddy.,Camouflage design teddy bear,toys,none,high,durable,mid,medium,teddy
21115,Rose caravan fabric doorstop Category: home_decor. Seasonality: none. Gifting: high. Price tier: mid. Impulse: medium. Substitute group: doorstop.,Rose caravan fabric doorstop,home_decor,none,high,durable,mid,medium,doorstop
84568,Girls' alphabet iron-on patches Category: craft. Seasonality: none. Gifting: low. Price tier: budget. Impulse: high. Substitute group: patches.,Girls' alphabet iron-on patches,craft,none,low,semi_durable,budget,high,patches
22588,Gingham heart greeting card holder Category: home_decor. Seasonality: valentine. Gifting: medium. Price tier: mid. Impulse: medium. Substitute group: card_holder.,Gingham heart greeting card holder,home_decor,valentine,medium,durable,mid,medium,card_holder
22592,Metal holly wreath card holder Category: christmas_decor. Seasonality: christmas. Gifting: medium. Price tier: mid. Impulse: medium. Substitute group: card_holder.,Metal holly wreath card holder,christmas_decor,christmas,medium,durable,mid,medium,card_holder
21870,Novelty mug reading I Can Only Please One Person Category: kitchenware. Seasonality: none. Gifting: medium. Price tier: budget. Impulse: high. Substitute group: mug.,Novelty mug reading I Can Only Please One Person,kitchenware,none,medium,durable,budget,high,mug
22784,Cream gazebo-style decorative lantern Category: home_decor. Seasonality: none. Gifting: high. Price tier: mid. Impulse: medium. Substitute group: lantern.,Cream gazebo-style decorative lantern,home_decor,none,high,durable,mid,medium,lantern
22350,Illustrated cat design pet bowl Category: pet. Seasonality: none. Gifting: low. Price tier: mid. Impulse: medium. Substitute group: pet_bowl.,Illustrated cat design pet bowl,pet,none,low,durable,mid,medium,pet_bowl
21875,Kings Choice design ceramic mug Category: kitchenware. Seasonality: none. Gifting: medium. Price tier: budget. Impulse: high. Substitute group: mug.,Kings Choice design ceramic mug,kitchenware,none,medium,durable,budget,high,mug
22809,Set of six Santa-shaped tealights Category: candles. Seasonality: christmas. Gifting: medium. Price tier: mid. Impulse: high. Substitute group: tlight_candles.,Set of six Santa-shaped tealights,candles,christmas,medium,semi_durable,mid,high,tlight_candles
21976,Pack of 60 mushroom paper cake cases Category: baking. Seasonality: none. Gifting: low. Price tier: budget. Impulse: high. Substitute group: cake_cases.,Pack of 60 mushroom paper cake cases,baking,none,low,semi_durable,budget,high,cake_cases
22353,Lunch box with cutlery in fairy cakes design Category: kitchenware. Seasonality: none. Gifting: medium. Price tier: mid. Impulse: high. Substitute group: lunch_box.,Lunch box with cutlery in fairy cakes design,kitchenware,none,medium,durable,mid,high,lunch_box
22813,Pack of three boxes of bird pannetone gift boxes Category: christmas_decor. Seasonality: christmas. Gifting: medium. Price tier: budget. Impulse: medium. Substitute group: gift_box.,Pack of three boxes of bird pannetone gift boxes,christmas_decor,christmas,medium,semi_durable,budget,medium,gift_box
21588,Retrospot giant tube of matches Category: home_utility. Seasonality: none. Gifting: low. Price tier: mid. Impulse: high. Substitute group: matches.,Retrospot giant tube of matches,home_utility,none,low,semi_durable,mid,high,matches
22165,Diamante heart-shaped wall mirror Category: home_decor. Seasonality: valentine. Gifting: high. Price tier: premium. Impulse: low. Substitute group: wall_mirror.,Diamante heart-shaped wall mirror,home_decor,valentine,high,durable,premium,low,wall_mirror
20717,Strawberry design reusable shopper bag Category: bags. Seasonality: none. Gifting: low. Price tier: budget. Impulse: high. Substitute group: shopper_bag.,Strawberry design reusable shopper bag,bags,none,low,durable,budget,high,shopper_bag
22669,Red baby bunting decoration Category: party. Seasonality: none. Gifting: high. Price tier: mid. Impulse: medium. Substitute group: bunting.,Red baby bunting decoration,party,none,high,durable,mid,medium,bunting
22550,Holiday Fun Ludo board game Category: toys. Seasonality: none. Gifting: medium. Price tier: mid. Impulse: medium. Substitute group: board_game.,Holiday Fun Ludo board game,toys,none,medium,durable,mid,medium,board_game
21110,Large pink spots cake-design towel Category: bathroom. Seasonality: none. Gifting: medium. Price tier: mid. Impulse: medium. Substitute group: towel.,Large pink spots cake-design towel,bathroom,none,medium,durable,mid,medium,towel
23238,Set of four knick-knack tins in London design Category: home_storage. Seasonality: none. Gifting: medium. Price tier: mid. Impulse: medium. Substitute group: knick_knack_tins.,Set of four knick-knack tins in London design,home_storage,none,medium,durable,mid,medium,knick_knack_tins
23007,Spaceboy baby gift set Category: toys. Seasonality: none. Gifting: high. Price tier: premium. Impulse: low. Substitute group: gift_set.,Spaceboy baby gift set,toys,none,high,durable,premium,low,gift_set
22493,Paint your own canvas art set Category: craft. Seasonality: none. Gifting: medium. Price tier: budget. Impulse: high. Substitute group: craft_set.,Paint your own canvas art set,craft,none,medium,semi_durable,budget,high,craft_set
22798,Antique glass dressing table pot Category: home_decor. Seasonality: none. Gifting: medium. Price tier: mid. Impulse: medium. Substitute group: trinket_box.,Antique glass dressing table pot,home_decor,none,medium,durable,mid,medium,trinket_box
21361,Large wooden letters spelling LOVE Category: home_decor. Seasonality: valentine. Gifting: high. Price tier: premium. Impulse: low. Substitute group: block_word.,Large wooden letters spelling LOVE,home_decor,valentine,high,durable,premium,low,block_word
22739,Reel of Christmas sock bauble design ribbon Category: christmas_decor. Seasonality: christmas. Gifting: low. Price tier: budget. Impulse: medium. Substitute group: ribbon.,Reel of Christmas sock bauble design ribbon,christmas_decor,christmas,low,semi_durable,budget,medium,ribbon
23204,Folding charlotte shopping bag in apples design Category: bags. Seasonality: none. Gifting: low. Price tier: budget. Impulse: high. Substitute group: charlotte_bag.,Folding charlotte shopping bag in apples design,bags,none,low,durable,budget,high,charlotte_bag
84968C,Set of 16 vintage pistachio-colour cutlery Category: kitchenware. Seasonality: none. Gifting: high. Price tier: premium. Impulse: low. Substitute group: cutlery_set.,Set of 16 vintage pistachio-colour cutlery,kitchenware,none,high,durable,premium,low,cutlery_set
22945,Assorted Christmas metal gift tags Category: christmas_decor. Seasonality: christmas. Gifting: low. Price tier: budget. Impulse: high. Substitute group: gift_tags.,Assorted Christmas metal gift tags,christmas_decor,christmas,low,semi_durable,budget,high,gift_tags
22242,Five-hook hanger in magic toadstool design Category: home_decor. Seasonality: none. Gifting: medium. Price tier: budget. Impulse: medium. Substitute group: hook_hanger.,Five-hook hanger in magic toadstool design,home_decor,none,medium,durable,budget,medium,hook_hanger
22779,Wooden owls light garland Category: lighting. Seasonality: none. Gifting: medium. Price tier: mid. Impulse: medium. Substitute group: string_lights.,Wooden owls light garland,lighting,none,medium,durable,mid,medium,string_lights
22360,Glass jar labelled English Confectionery Category: kitchenware. Seasonality: none. Gifting: medium. Price tier: mid. Impulse: medium. Substitute group: storage_jar.,Glass jar labelled English Confectionery,kitchenware,none,medium,durable,mid,medium,storage_jar
22199,Red retrospot frying pan Category: kitchenware. Seasonality: none. Gifting: medium. Price tier: mid. Impulse: medium. Substitute group: frying_pan.,Red retrospot frying pan,kitchenware,none,medium,durable,mid,medium,frying_pan
22224,White lovebird decorative lantern Category: home_decor. Seasonality: valentine. Gifting: medium. Price tier: mid. Impulse: medium. Substitute group: lantern.,White lovebird decorative lantern,home_decor,valentine,medium,durable,mid,medium,lantern
22528,Gardener's kneeling pad Category: garden. Seasonality: spring_summer. Gifting: low. Price tier: budget. Impulse: medium. Substitute group: kneeling_pad.,Gardener's kneeling pad,garden,spring_summer,low,durable,budget,medium,kneeling_pad
21463,Mirrored disco ball decoration Category: party. Seasonality: none. Gifting: medium. Price tier: mid. Impulse: high. Substitute group: party_accessory.,Mirrored disco ball decoration,party,none,medium,durable,mid,high,party_accessory
22489,Pack of 12 traditional wax crayons Category: craft. Seasonality: none. Gifting: low. Price tier: budget. Impulse: high. Substitute group: crayons.,Pack of 12 traditional wax crayons,craft,none,low,semi_durable,budget,high,crayons
22991,Giraffe-shaped novelty wooden ruler Category: stationery. Seasonality: none. Gifting: low. Price tier: budget. Impulse: high. Substitute group: ruler.,Giraffe-shaped novelty wooden ruler,stationery,none,low,durable,budget,high,ruler
22827,Rustic seventeen-drawer sideboard furniture Category: furniture. Seasonality: none. Gifting: low. Price tier: premium. Impulse: low. Substitute group: sideboard.,Rustic seventeen-drawer sideboard furniture,furniture,none,low,durable,premium,low,sideboard
22465,Hanging metal star lantern Category: home_decor. Seasonality: christmas. Gifting: medium. Price tier: budget. Impulse: high. Substitute group: lantern.,Hanging metal star lantern,home_decor,christmas,medium,durable,budget,high,lantern
85065,Cream sweetheart-style serving trays Category: kitchenware. Seasonality: none. Gifting: high. Price tier: premium. Impulse: low. Substitute group: tray.,Cream sweetheart-style serving trays,kitchenware,none,high,durable,premium,low,tray
82580,Novelty bathroom metal sign Category: home_decor. Seasonality: none. Gifting: low. Price tier: budget. Impulse: high. Substitute group: metal_sign.,Novelty bathroom metal sign,home_decor,none,low,durable,budget,high,metal_sign
85174,Set of four cacti-shaped candles Category: candles. Seasonality: none. Gifting: medium. Price tier: mid. Impulse: high. Substitute group: candle.,Set of four cacti-shaped candles,candles,none,medium,semi_durable,mid,high,candle
11001,Assorted design racing car pen Category: stationery. Seasonality: none. Gifting: low. Price tier: budget. Impulse: high. Substitute group: pen.,Assorted design racing car pen,stationery,none,low,semi_durable,budget,high,pen
21746,Small red retrospot garden windmill Category: garden. Seasonality: spring_summer. Gifting: low. Price tier: budget. Impulse: high. Substitute group: windmill.,Small red retrospot garden windmill,garden,spring_summer,low,durable,budget,high,windmill
21876,Pottering design ceramic mug Category: kitchenware. Seasonality: none. Gifting: medium. Price tier: budget. Impulse: high. Substitute group: mug.,Pottering design ceramic mug,kitchenware,none,medium,durable,budget,high,mug
21114,Lavender scented fabric heart Category: home_decor. Seasonality: valentine. Gifting: medium. Price tier: budget. Impulse: high. Substitute group: scented_heart.,Lavender scented fabric heart,home_decor,valentine,medium,semi_durable,budget,high,scented_heart
22644,Ceramic cherry cake money bank Category: home_decor. Seasonality: none. Gifting: medium. Price tier: budget. Impulse: high. Substitute group: money_bank.,Ceramic cherry cake money bank,home_decor,none,medium,durable,budget,high,money_bank
72351A,Set of six turquoise butterfly tealights Category: candles. Seasonality: none. Gifting: low. Price tier: budget. Impulse: high. Substitute group: tlight_candles.,Set of six turquoise butterfly tealights,candles,none,low,semi_durable,budget,high,tlight_candles
22626,Black retro kitchen weighing scales Category: kitchenware. Seasonality: none. Gifting: high. Price tier: premium. Impulse: low. Substitute group: kitchen_scales.,Black retro kitchen weighing scales,kitchenware,none,high,durable,premium,low,kitchen_scales
22282,Painted wood twelve-egg storage house Category: kitchenware. Seasonality: none. Gifting: high. Price tier: premium. Impulse: low. Substitute group: egg_holder.,Painted wood twelve-egg storage house,kitchenware,none,high,durable,premium,low,egg_holder
22029,Spaceboy design birthday card Category: stationery. Seasonality: none. Gifting: low. Price tier: budget. Impulse: high. Substitute group: greeting_card.,Spaceboy design birthday card,stationery,none,low,semi_durable,budget,high,greeting_card
21737,Set of three wicker log baskets Category: home_storage. Seasonality: none. Gifting: medium. Price tier: premium. Impulse: low. Substitute group: baskets.,Set of three wicker log baskets,home_storage,none,medium,durable,premium,low,baskets
23382,Box of six Christmas cake decorations Category: christmas_decor. Seasonality: christmas. Gifting: low. Price tier: budget. Impulse: high. Substitute group: cake_decorations.,Box of six Christmas cake decorations,christmas_decor,christmas,low,semi_durable,budget,high,cake_decorations
21561,Dinosaur lunch box with cutlery Category: kitchenware. Seasonality: none. Gifting: medium. Price tier: mid. Impulse: high. Substitute group: lunch_box.,Dinosaur lunch box with cutlery,kitchenware,none,medium,durable,mid,high,lunch_box
22907,Pack of 20 pantry design napkins Category: kitchenware. Seasonality: none. Gifting: low. Price tier: budget. Impulse: medium. Substitute group: paper_napkins.,Pack of 20 pantry design napkins,kitchenware,none,low,semi_durable,budget,medium,paper_napkins
22567,Set of 20 retrospot dolly clothes pegs Category: home_utility. Seasonality: none. Gifting: low. Price tier: budget. Impulse: medium. Substitute group: clothes_pegs.,Set of 20 retrospot dolly clothes pegs,home_utility,none,low,durable,budget,medium,clothes_pegs
21625,Vintage Union Jack kitchen apron Category: kitchenware. Seasonality: none. Gifting: medium. Price tier: mid. Impulse: low. Substitute group: apron.,Vintage Union Jack kitchen apron,kitchenware,none,medium,durable,mid,low,apron
22577,Scandinavian wooden heart Christmas decoration Category: christmas_decor. Seasonality: christmas. Gifting: low. Price tier: budget. Impulse: high. Substitute group: christmas_decoration.,Scandinavian wooden heart Christmas decoration,christmas_decor,christmas,low,durable,budget,high,christmas_decoration
22781,Gumball-machine style magazine rack Category: home_storage. Seasonality: none. Gifting: medium. Price tier: mid. Impulse: low. Substitute group: magazine_rack.,Gumball-machine style magazine rack,home_storage,none,medium,durable,mid,low,magazine_rack
23083,Set of six star paper table lanterns Category: party. Seasonality: christmas. Gifting: low. Price tier: mid. Impulse: medium. Substitute group: paper_lantern.,Set of six star paper table lanterns,party,christmas,low,semi_durable,mid,medium,paper_lantern
22414,Coir doormat reading Neighbourhood Witch Category: home_decor. Seasonality: halloween. Gifting: medium. Price tier: mid. Impulse: medium. Substitute group: doormat.,Coir doormat reading Neighbourhood Witch,home_decor,halloween,medium,durable,mid,medium,doormat
22618,Retrospot children's cooking set Category: baking. Seasonality: none. Gifting: high. Price tier: premium. Impulse: low. Substitute group: baking_set.,Retrospot children's cooking set,baking,none,high,durable,premium,low,baking_set
21700,Big doughnut novelty fridge magnets Category: novelty. Seasonality: none. Gifting: low. Price tier: budget. Impulse: high. Substitute group: fridge_magnet.,Big doughnut novelty fridge magnets,novelty,none,low,durable,budget,high,fridge_magnet
21981,Pack of 12 woodland design tissues Category: novelty. Seasonality: none. Gifting: low. Price tier: budget. Impulse: high. Substitute group: tissues.,Pack of 12 woodland design tissues,novelty,none,low,semi_durable,budget,high,tissues
37450,Ceramic cake bowl with hanging cake decorations Category: kitchenware. Seasonality: none. Gifting: medium. Price tier: mid. Impulse: low. Substitute group: bowl.,Ceramic cake bowl with hanging cake decorations,kitchenware,none,medium,durable,mid,low,bowl
22187,Green Christmas tree card holder Category: christmas_decor. Seasonality: christmas. Gifting: medium. Price tier: mid. Impulse: medium. Substitute group: card_holder.,Green Christmas tree card holder,christmas_decor,christmas,medium,durable,mid,medium,card_holder
23236,Vintage doily design storage tin Category: home_storage. Seasonality: none. Gifting: medium. Price tier: mid. Impulse: medium. Substitute group: storage_tin.,Vintage doily design storage tin,home_storage,none,medium,durable,mid,medium,storage_tin
10002,Inflatable political globe novelty Category: novelty. Seasonality: none. Gifting: low. Price tier: budget. Impulse: high. Substitute group: novelty.,Inflatable political globe novelty,novelty,none,low,semi_durable,budget,high,novelty
22810,Set of six snowmen-shaped tealights Category: candles. Seasonality: christmas. Gifting: medium. Price tier: mid. Impulse: high. Substitute group: tlight_candles.,Set of six snowmen-shaped tealights,candles,christmas,medium,semi_durable,mid,high,tlight_candles
21984,Pack of 12 pink paisley tissues Category: novelty. Seasonality: none. Gifting: low. Price tier: budget. Impulse: high. Substitute group: tissues.,Pack of 12 pink paisley tissues,novelty,none,low,semi_durable,budget,high,tissues
21107,Cream slice flannel with pink spot Category: bathroom. Seasonality: none. Gifting: low. Price tier: mid. Impulse: high. Substitute group: flannel.,Cream slice flannel with pink spot,bathroom,none,low,semi_durable,mid,high,flannel
23320,Giant 1950s Christmas cracker Category: christmas_decor. Seasonality: christmas. Gifting: medium. Price tier: budget. Impulse: high. Substitute group: crackers.,Giant 1950s Christmas cracker,christmas_decor,christmas,medium,semi_durable,budget,high,crackers
23215,Antique silver jingle bell heart decoration Category: christmas_decor. Seasonality: christmas. Gifting: medium. Price tier: budget. Impulse: high. Substitute group: christmas_decoration.,Antique silver jingle bell heart decoration,christmas_decor,christmas,medium,durable,budget,high,christmas_decoration
21992,Vintage paisley stationery set Category: stationery. Seasonality: none. Gifting: medium. Price tier: budget. Impulse: high. Substitute group: stationery_set.,Vintage paisley stationery set,stationery,none,medium,semi_durable,budget,high,stationery_set
21497,Fancy fonts birthday gift wrap Category: stationery. Seasonality: none. Gifting: low. Price tier: budget. Impulse: high. Substitute group: gift_wrap.,Fancy fonts birthday gift wrap,stationery,none,low,semi_durable,budget,high,gift_wrap
23543,Wall art print reading Keep Calm Category: home_decor. Seasonality: none. Gifting: medium. Price tier: mid. Impulse: medium. Substitute group: wall_art.,Wall art print reading Keep Calm,home_decor,none,medium,durable,mid,medium,wall_art
21903,Novelty metal sign reading Man Flu Category: home_decor. Seasonality: none. Gifting: medium. Price tier: budget. Impulse: high. Substitute group: metal_sign.,Novelty metal sign reading Man Flu,home_decor,none,medium,durable,budget,high,metal_sign
22563,Happy stencil craft kit Category: craft. Seasonality: none. Gifting: low. Price tier: budget. Impulse: high. Substitute group: craft_set.,Happy stencil craft kit,craft,none,low,semi_durable,budget,high,craft_set
22938,Set of six cupcake lace paper wraps Category: baking. Seasonality: none. Gifting: low. Price tier: budget. Impulse: high. Substitute group: cake_cases.,Set of six cupcake lace paper wraps,baking,none,low,semi_durable,budget,high,cake_cases
23283,Coir doormat with vintage leaf design Category: home_decor. Seasonality: none. Gifting: medium. Price tier: mid. Impulse: low. Substitute group: doormat.,Coir doormat with vintage leaf design,home_decor,none,medium,durable,mid,low,doormat
23293,Set of 12 fairy cake paper baking cases Category: baking. Seasonality: none. Gifting: low. Price tier: budget. Impulse: high. Substitute group: cake_cases.,Set of 12 fairy cake paper baking cases,baking,none,low,semi_durable,budget,high,cake_cases
22498,Wooden regatta bunting decoration Category: party. Seasonality: spring_summer. Gifting: medium. Price tier: mid. Impulse: medium. Substitute group: bunting.,Wooden regatta bunting decoration,party,spring_summer,medium,durable,mid,medium,bunting
22845,Vintage cream cat food storage container Category: pet. Seasonality: none. Gifting: medium. Price tier: mid. Impulse: low. Substitute group: pet_container.,Vintage cream cat food storage container,pet,none,medium,durable,mid,low,pet_container
22780,Pink butterflies light garland Category: lighting. Seasonality: none. Gifting: medium. Price tier: mid. Impulse: medium. Substitute group: string_lights.,Pink butterflies light garland,lighting,none,medium,durable,mid,medium,string_lights
37448,Spotted ceramic cake design mug Category: kitchenware. Seasonality: none. Gifting: medium. Price tier: budget. Impulse: high. Substitute group: mug.,Spotted ceramic cake design mug,kitchenware,none,medium,durable,budget,high,mug
22377,Retrospot bottle carrier bag Category: bags. Seasonality: none. Gifting: low. Price tier: budget. Impulse: medium. Substitute group: bottle_bag.,Retrospot bottle carrier bag,bags,none,low,durable,budget,medium,bottle_bag
23254,Children's Dolly Girl cutlery set Category: kitchenware. Seasonality: none. Gifting: medium. Price tier: mid. Impulse: medium. Substitute group: cutlery_set.,Children's Dolly Girl cutlery set,kitchenware,none,medium,durable,mid,medium,cutlery_set
35004B,Set of three black flying duck wall decorations Category: home_decor. Seasonality: none. Gifting: high. Price tier: mid. Impulse: low. Substitute group: flying_ducks.,Set of three black flying duck wall decorations,home_decor,none,high,durable,mid,low,flying_ducks
21563,Red heart-shaped love bucket Category: home_decor. Seasonality: valentine. Gifting: high. Price tier: mid. Impulse: high. Substitute group: novelty.,Red heart-shaped love bucket,home_decor,valentine,high,durable,mid,high,novelty
20973,Tube of 12 small woodland design pencils Category: stationery. Seasonality: none. Gifting: low. Price tier: budget. Impulse: high. Substitute group: pencils.,Tube of 12 small woodland design pencils,stationery,none,low,semi_durable,budget,high,pencils
22378,Retrospot fabric wall tidy organiser Category: home_storage. Seasonality: none. Gifting: medium. Price tier: mid. Impulse: medium. Substitute group: wall_organiser.,Retrospot fabric wall tidy organiser,home_storage,none,medium,durable,mid,medium,wall_organiser
21768,Wall-mounted vintage organiser rack Category: home_storage. Seasonality: none. Gifting: high. Price tier: premium. Impulse: low. Substitute group: wall_organiser.,Wall-mounted vintage organiser rack,home_storage,none,high,durable,premium,low,wall_organiser
22311,Black and silver USB office mug warmer Category: office. Seasonality: none. Gifting: medium. Price tier: mid. Impulse: medium. Substitute group: mug_warmer.,Black and silver USB office mug warmer,office,none,medium,durable,mid,medium,mug_warmer
22085,Make-your-own paper chain kit in skulls design Category: party. Seasonality: none. Gifting: medium. Price tier: mid. Impulse: medium. Substitute group: paper_chain_kit.,Make-your-own paper chain kit in skulls design,party,none,medium,semi_durable,mid,medium,paper_chain_kit
22220,White two-tier lovebird cake stand Category: kitchenware. Seasonality: none. Gifting: high. Price tier: premium. Impulse: low. Substitute group: cake_stand.,White two-tier lovebird cake stand,kitchenware,none,high,durable,premium,low,cake_stand
23109,Pack of six LED tea lights Category: lighting. Seasonality: none. Gifting: low. Price tier: budget. Impulse: high. Substitute group: led_tealights.,Pack of six LED tea lights,lighting,none,low,semi_durable,budget,high,led_tealights
22575,Metal Merry Christmas wreath decoration Category: christmas_decor. Seasonality: christmas. Gifting: medium. Price tier: budget. Impulse: high. Substitute group: christmas_decoration.,Metal Merry Christmas wreath decoration,christmas_decor,christmas,medium,durable,budget,high,christmas_decoration
37500,Tea time teapot presented in a gift box Category: kitchenware. Seasonality: none. Gifting: high. Price tier: premium. Impulse: low. Substitute group: teapot.,Tea time teapot presented in a gift box,kitchenware,none,high,durable,premium,low,teapot
22431,Blue elephant children's watering can Category: garden. Seasonality: spring_summer. Gifting: medium. Price tier: budget. Impulse: high. Substitute group: watering_can.,Blue elephant children's watering can,garden,spring_summer,medium,durable,budget,high,watering_can
22430,Cream enamel watering can Category: garden. Seasonality: spring_summer. Gifting: high. Price tier: mid. Impulse: low. Substitute group: watering_can.,Cream enamel watering can,garden,spring_summer,high,durable,mid,low,watering_can
23103,Jingle bell heart hanging decoration Category: christmas_decor. Seasonality: christmas. Gifting: medium. Price tier: budget. Impulse: high. Substitute group: christmas_decoration.,Jingle bell heart hanging decoration,christmas_decor,christmas,medium,durable,budget,high,christmas_decoration
22746,Poppy's Playhouse living room dolls house toy Category: toys. Seasonality: none. Gifting: high. Price tier: mid. Impulse: medium. Substitute group: dolls_house.,Poppy's Playhouse living room dolls house toy,toys,none,high,durable,mid,medium,dolls_house
47502,"Polka-dot cutlery set, 24 pieces in a tray Category: kitchenware. Seasonality: none. Gifting: high. Price tier: premium. Impulse: low. Substitute group: cutlery_set.","Polka-dot cutlery set, 24 pieces in a tray",kitchenware,none,high,durable,premium,low,cutlery_set
22059,Ceramic strawberry design mug Category: kitchenware. Seasonality: none. Gifting: medium. Price tier: budget. Impulse: high. Substitute group: mug.,Ceramic strawberry design mug,kitchenware,none,medium,durable,budget,high,mug
23541,Wall art print of classic puddings Category: home_decor. Seasonality: none. Gifting: medium. Price tier: mid. Impulse: medium. Substitute group: wall_art.,Wall art print of classic puddings,home_decor,none,medium,durable,mid,medium,wall_art
21989,Pack of 20 skull paper napkins Category: party. Seasonality: none. Gifting: low. Price tier: budget. Impulse: high. Substitute group: paper_napkins.,Pack of 20 skull paper napkins,party,none,low,semi_durable,budget,high,paper_napkins
47599B,Blue party bags Category: party. Seasonality: none. Gifting: low. Price tier: budget. Impulse: high. Substitute group: party_bag.,Blue party bags,party,none,low,semi_durable,budget,high,party_bag
85175,Cacti-shaped tealight candles Category: candles. Seasonality: none. Gifting: low. Price tier: budget. Impulse: high. Substitute group: tlight_candles.,Cacti-shaped tealight candles,candles,none,low,semi_durable,budget,high,tlight_candles
22898,Children's apron in apples design Category: kitchenware. Seasonality: none. Gifting: medium. Price tier: budget. Impulse: medium. Substitute group: apron.,Children's apron in apples design,kitchenware,none,medium,durable,budget,medium,apron
23297,Set of 40 heart-shaped petit four cases Category: baking. Seasonality: valentine. Gifting: low. Price tier: budget. Impulse: high. Substitute group: cake_cases.,Set of 40 heart-shaped petit four cases,baking,valentine,low,semi_durable,budget,high,cake_cases
22432,Pink bunny children's watering can Category: garden. Seasonality: spring_summer. Gifting: medium. Price tier: budget. Impulse: high. Substitute group: watering_can.,Pink bunny children's watering can,garden,spring_summer,medium,durable,budget,high,watering_can
23008,Dolly Girl baby gift set Category: toys. Seasonality: none. Gifting: high. Price tier: premium. Impulse: low. Substitute group: gift_set.,Dolly Girl baby gift set,toys,none,high,durable,premium,low,gift_set
23229,Vintage pin the tail on the donkey game Category: toys. Seasonality: none. Gifting: medium. Price tier: mid. Impulse: medium. Substitute group: party_game.,Vintage pin the tail on the donkey game,toys,none,medium,semi_durable,mid,medium,party_game
22221,Pink two-tier lovebird cake stand Category: kitchenware. Seasonality: none. Gifting: high. Price tier: premium. Impulse: low. Substitute group: cake_stand.,Pink two-tier lovebird cake stand,kitchenware,none,high,durable,premium,low,cake_stand
22661,Folding charlotte shopping bag in Dolly Girl design Category: bags. Seasonality: none. Gifting: low. Price tier: budget. Impulse: high. Substitute group: charlotte_bag.,Folding charlotte shopping bag in Dolly Girl design,bags,none,low,durable,budget,high,charlotte_bag
22526,Children's metal wheelbarrow Category: garden. Seasonality: spring_summer. Gifting: high. Price tier: premium. Impulse: low. Substitute group: garden_toy.,Children's metal wheelbarrow,garden,spring_summer,high,durable,premium,low,garden_toy
23480,Mini woodland mushrooms string lights Category: lighting. Seasonality: none. Gifting: medium. Price tier: mid. Impulse: medium. Substitute group: string_lights.,Mini woodland mushrooms string lights,lighting,none,medium,durable,mid,medium,string_lights
23247,1950s Christmas design biscuit tin Category: christmas_decor. Seasonality: christmas. Gifting: medium. Price tier: budget. Impulse: medium. Substitute group: biscuit_tin.,1950s Christmas design biscuit tin,christmas_decor,christmas,medium,durable,budget,medium,biscuit_tin
21592,Retrospot cigar box of matches Category: home_utility. Seasonality: none. Gifting: low. Price tier: budget. Impulse: high. Substitute group: matches.,Retrospot cigar box of matches,home_utility,none,low,semi_durable,budget,high,matches
22080,Reel of spots design decorative ribbon Category: craft. Seasonality: none. Gifting: low. Price tier: budget. Impulse: medium. Substitute group: ribbon.,Reel of spots design decorative ribbon,craft,none,low,semi_durable,budget,medium,ribbon
85047,White beaded garland string of 20 lights Category: lighting. Seasonality: none. Gifting: medium. Price tier: mid. Impulse: medium. Substitute group: string_lights.,White beaded garland string of 20 lights,lighting,none,medium,durable,mid,medium,string_lights
23169,Classic glass cookie storage jar Category: kitchenware. Seasonality: none. Gifting: high. Price tier: mid. Impulse: low. Substitute group: storage_jar.,Classic glass cookie storage jar,kitchenware,none,high,durable,mid,low,storage_jar
21494,Rotating leaves tealight holder Category: home_decor. Seasonality: none. Gifting: medium. Price tier: budget. Impulse: high. Substitute group: tlight_holder.,Rotating leaves tealight holder,home_decor,none,medium,durable,budget,high,tlight_holder
85014D,Pink and brown dots ruffled umbrella Category: accessories. Seasonality: none. Gifting: medium. Price tier: mid. Impulse: medium. Substitute group: umbrella.,Pink and brown dots ruffled umbrella,accessories,none,medium,durable,mid,medium,umbrella
85068,Cream sweetheart-style shelf with hooks Category: home_storage. Seasonality: none. Gifting: high. Price tier: mid. Impulse: low. Substitute group: shelf.,Cream sweetheart-style shelf with hooks,home_storage,none,high,durable,mid,low,shelf
85062,Pearl crystal pumpkin tealight holder Category: home_decor. Seasonality: halloween. Gifting: medium. Price tier: budget. Impulse: high. Substitute group: tlight_holder.,Pearl crystal pumpkin tealight holder,home_decor,halloween,medium,durable,budget,high,tlight_holder
22142,Christmas craft white fairy decoration kit Category: christmas_decor. Seasonality: christmas. Gifting: medium. Price tier: budget. Impulse: medium. Substitute group: felt_craft.,Christmas craft white fairy decoration kit,christmas_decor,christmas,medium,durable,budget,medium,felt_craft
21240,Blue polka-dot ceramic cup Category: kitchenware. Seasonality: none. Gifting: low. Price tier: budget. Impulse: high. Substitute group: cup.,Blue polka-dot ceramic cup,kitchenware,none,low,durable,budget,high,cup
16156S,Pink fairy cakes design gift wrap Category: stationery. Seasonality: none. Gifting: low. Price tier: budget. Impulse: high. Substitute group: gift_wrap.,Pink fairy cakes design gift wrap,stationery,none,low,semi_durable,budget,high,gift_wrap
79067,Corona Mexican-style serving tray Category: kitchenware. Seasonality: none. Gifting: medium. Price tier: mid. Impulse: medium. Substitute group: tray.,Corona Mexican-style serving tray,kitchenware,none,medium,durable,mid,medium,tray
84968A,Set of 16 vintage rose cutlery Category: kitchenware. Seasonality: none. Gifting: high. Price tier: premium. Impulse: low. Substitute group: cutlery_set.,Set of 16 vintage rose cutlery,kitchenware,none,high,durable,premium,low,cutlery_set
22849,Mint diner-style bread bin Category: kitchenware. Seasonality: none. Gifting: high. Price tier: premium. Impulse: low. Substitute group: bread_bin.,Mint diner-style bread bin,kitchenware,none,high,durable,premium,low,bread_bin
22833,Hall cabinet with three drawers furniture Category: furniture. Seasonality: none. Gifting: low. Price tier: premium. Impulse: low. Substitute group: cabinet.,Hall cabinet with three drawers furniture,furniture,none,low,durable,premium,low,cabinet
21201,Tropical honeycomb paper garland Category: party. Seasonality: spring_summer. Gifting: low. Price tier: mid. Impulse: medium. Substitute group: garland.,Tropical honeycomb paper garland,party,spring_summer,low,semi_durable,mid,medium,garland
15060B,Fairy cake design umbrella Category: accessories. Seasonality: none. Gifting: medium. Price tier: mid. Impulse: medium. Substitute group: umbrella.,Fairy cake design umbrella,accessories,none,medium,durable,mid,medium,umbrella
22332,Skulls party bag and sticker set Category: party. Seasonality: none. Gifting: low. Price tier: budget. Impulse: high. Substitute group: party_bag.,Skulls party bag and sticker set,party,none,low,semi_durable,budget,high,party_bag
22364,Glass jar labelled Digestive Biscuits Category: kitchenware. Seasonality: none. Gifting: medium. Price tier: mid. Impulse: medium. Substitute group: storage_jar.,Glass jar labelled Digestive Biscuits,kitchenware,none,medium,durable,mid,medium,storage_jar
22578,Scandinavian wooden star Christmas decoration Category: christmas_decor. Seasonality: christmas. Gifting: low. Price tier: budget. Impulse: high. Substitute group: christmas_decoration.,Scandinavian wooden star Christmas decoration,christmas_decor,christmas,low,durable,budget,high,christmas_decoration
21500,Pink polka-dot gift wrap Category: stationery. Seasonality: none. Gifting: low. Price tier: budget. Impulse: high. Substitute group: gift_wrap.,Pink polka-dot gift wrap,stationery,none,low,semi_durable,budget,high,gift_wrap
21239,Pink polka-dot ceramic cup Category: kitchenware. Seasonality: none. Gifting: low. Price tier: budget. Impulse: high. Substitute group: cup.,Pink polka-dot ceramic cup,kitchenware,none,low,durable,budget,high,cup
22596,Christmas star wish list chalkboard Category: christmas_decor. Seasonality: christmas. Gifting: medium. Price tier: budget. Impulse: medium. Substitute group: chalkboard.,Christmas star wish list chalkboard,christmas_decor,christmas,medium,durable,budget,medium,chalkboard
22065,Christmas pudding shaped trinket pot Category: christmas_decor. Seasonality: christmas. Gifting: medium. Price tier: budget. Impulse: high. Substitute group: trinket_box.,Christmas pudding shaped trinket pot,christmas_decor,christmas,medium,durable,budget,high,trinket_box
22148,Easter craft kit making four chicks Category: craft. Seasonality: easter. Gifting: medium. Price tier: budget. Impulse: medium. Substitute group: felt_craft.,Easter craft kit making four chicks,craft,easter,medium,durable,budget,medium,felt_craft
23311,Vintage Christmas fabric stocking Category: christmas_decor. Seasonality: christmas. Gifting: high. Price tier: mid. Impulse: medium. Substitute group: christmas_stocking.,Vintage Christmas fabric stocking,christmas_decor,christmas,high,durable,mid,medium,christmas_stocking
47559B,Tea Time design oven glove Category: kitchenware. Seasonality: none. Gifting: low. Price tier: budget. Impulse: medium. Substitute group: oven_glove.,Tea Time design oven glove,kitchenware,none,low,durable,budget,medium,oven_glove
23553,Camden Town landmark picture frame Category: home_decor. Seasonality: none. Gifting: high. Price tier: premium. Impulse: low. Substitute group: frame.,Camden Town landmark picture frame,home_decor,none,high,durable,premium,low,frame
23188,Vintage two-metre folding ruler Category: stationery. Seasonality: none. Gifting: low. Price tier: budget. Impulse: medium. Substitute group: ruler.,Vintage two-metre folding ruler,stationery,none,low,durable,budget,medium,ruler
22783,Set of three wicker oval baskets with lids Category: home_storage. Seasonality: none. Gifting: medium. Price tier: premium. Impulse: low. Substitute group: baskets.,Set of three wicker oval baskets with lids,home_storage,none,medium,durable,premium,low,baskets
23571,Traditional noughts and crosses game Category: toys. Seasonality: none. Gifting: medium. Price tier: budget. Impulse: high. Substitute group: wooden_game.,Traditional noughts and crosses game,toys,none,medium,durable,budget,high,wooden_game
23134,Large zinc heart wall organiser Category: home_storage. Seasonality: valentine. Gifting: medium. Price tier: mid. Impulse: low. Substitute group: wall_organiser.,Large zinc heart wall organiser,home_storage,valentine,medium,durable,mid,low,wall_organiser
22063,Ceramic bowl with strawberry design Category: kitchenware. Seasonality: none. Gifting: medium. Price tier: mid. Impulse: medium. Substitute group: bowl.,Ceramic bowl with strawberry design,kitchenware,none,medium,durable,mid,medium,bowl
22848,Pink diner-style bread bin Category: kitchenware. Seasonality: none. Gifting: high. Price tier: premium. Impulse: low. Substitute group: bread_bin.,Pink diner-style bread bin,kitchenware,none,high,durable,premium,low,bread_bin
22906,Set of 12 message cards with envelopes Category: stationery. Seasonality: none. Gifting: low. Price tier: budget. Impulse: high. Substitute group: greeting_card.,Set of 12 message cards with envelopes,stationery,none,low,semi_durable,budget,high,greeting_card
22979,Pantry design washing up brush Category: home_utility. Seasonality: none. Gifting: low. Price tier: budget. Impulse: medium. Substitute group: washing_brush.,Pantry design washing up brush,home_utility,none,low,semi_durable,budget,medium,washing_brush
22582,Pack of six sweetie gift boxes Category: stationery. Seasonality: none. Gifting: medium. Price tier: mid. Impulse: medium. Substitute group: gift_box.,Pack of six sweetie gift boxes,stationery,none,medium,semi_durable,mid,medium,gift_box
84520B,Pack of 20 English rose paper napkins Category: party. Seasonality: none. Gifting: low. Price tier: budget. Impulse: high. Substitute group: paper_napkins.,Pack of 20 English rose paper napkins,party,none,low,semi_durable,budget,high,paper_napkins
23307,Set of 60 pantry design cake cases Category: baking. Seasonality: none. Gifting: low. Price tier: budget. Impulse: high. Substitute group: cake_cases.,Set of 60 pantry design cake cases,baking,none,low,semi_durable,budget,high,cake_cases
22460,Embossed glass tealight holder Category: home_decor. Seasonality: none. Gifting: medium. Price tier: budget. Impulse: high. Substitute group: tlight_holder.,Embossed glass tealight holder,home_decor,none,medium,durable,budget,high,tlight_holder
23172,Pink Regency-style tea plate Category: kitchenware. Seasonality: none. Gifting: high. Price tier: budget. Impulse: medium. Substitute group: tea_plate.,Pink Regency-style tea plate,kitchenware,none,high,durable,budget,medium,tea_plate
22185,Natural slate tile hanging decoration Category: home_decor. Seasonality: none. Gifting: low. Price tier: budget. Impulse: medium. Substitute group: hanging_decoration.,Natural slate tile hanging decoration,home_decor,none,low,durable,budget,medium,hanging_decoration
22435,Set of nine heart-shaped balloons Category: party. Seasonality: valentine. Gifting: low. Price tier: budget. Impulse: high. Substitute group: balloons.,Set of nine heart-shaped balloons,party,valentine,low,semi_durable,budget,high,balloons
22830,Utility cabinet with hooks furniture Category: furniture. Seasonality: none. Gifting: low. Price tier: premium. Impulse: low. Substitute group: cabinet.,Utility cabinet with hooks furniture,furniture,none,low,durable,premium,low,cabinet
84884A,Antique white wire heart spiral decoration Category: home_decor. Seasonality: valentine. Gifting: medium. Price tier: mid. Impulse: high. Substitute group: hanging_heart.,Antique white wire heart spiral decoration,home_decor,valentine,medium,durable,mid,high,hanging_heart
22278,Vintage rose paisley overnight bag Category: bags. Seasonality: none. Gifting: high. Price tier: mid. Impulse: low. Substitute group: travel_bag.,Vintage rose paisley overnight bag,bags,none,high,durable,mid,low,travel_bag
22196,Small heart-shaped measuring spoons Category: kitchenware. Seasonality: valentine. Gifting: medium. Price tier: budget. Impulse: high. Substitute group: measuring_spoons.,Small heart-shaped measuring spoons,kitchenware,valentine,medium,durable,budget,high,measuring_spoons
22855,Fine woven wicker heart decoration Category: home_decor. Seasonality: valentine. Gifting: medium. Price tier: budget. Impulse: high. Substitute group: wicker_heart.,Fine woven wicker heart decoration,home_decor,valentine,medium,durable,budget,high,wicker_heart
21730,Frosted glass star tealight holder Category: home_decor. Seasonality: none. Gifting: medium. Price tier: mid. Impulse: high. Substitute group: tlight_holder.,Frosted glass star tealight holder,home_decor,none,medium,durable,mid,high,tlight_holder
72802C,Vanilla scented candle in a jewelled box Category: candles. Seasonality: none. Gifting: high. Price tier: mid. Impulse: high. Substitute group: candle.,Vanilla scented candle in a jewelled box,candles,none,high,semi_durable,mid,high,candle
21584,Retrospot small tube of matches Category: home_utility. Seasonality: none. Gifting: low. Price tier: budget. Impulse: high. Substitute group: matches.,Retrospot small tube of matches,home_utility,none,low,semi_durable,budget,high,matches
20751,Assorted funky washing up gloves Category: home_utility. Seasonality: none. Gifting: low. Price tier: budget. Impulse: medium. Substitute group: washing_gloves.,Assorted funky washing up gloves,home_utility,none,low,semi_durable,budget,medium,washing_gloves
21714,Citronella candle in a garden pot Category: candles. Seasonality: spring_summer. Gifting: low. Price tier: budget. Impulse: high. Substitute group: candle.,Citronella candle in a garden pot,candles,spring_summer,low,semi_durable,budget,high,candle
84832,Zinc Willie Winkie candle stick holder Category: home_decor. Seasonality: none. Gifting: low. Price tier: budget. Impulse: high. Substitute group: candle_holder.,Zinc Willie Winkie candle stick holder,home_decor,none,low,durable,budget,high,candle_holder
85178,Victorian-style sewing kit Category: craft. Seasonality: none. Gifting: medium. Price tier: budget. Impulse: high. Substitute group: sewing_kit.,Victorian-style sewing kit,craft,none,medium,durable,budget,high,sewing_kit
21078,Set of 20 strawberry paper napkins Category: party. Seasonality: none. Gifting: low. Price tier: budget. Impulse: high. Substitute group: paper_napkins.,Set of 20 strawberry paper napkins,party,none,low,semi_durable,budget,high,paper_napkins
22222,White lovebird cake plate Category: kitchenware. Seasonality: none. Gifting: high. Price tier: mid. Impulse: low. Substitute group: cake_plate.,White lovebird cake plate,kitchenware,none,high,durable,mid,low,cake_plate
22826,Antique white metal love seat ornament Category: home_decor. Seasonality: valentine. Gifting: high. Price tier: premium. Impulse: low. Substitute group: ornament.,Antique white metal love seat ornament,home_decor,valentine,high,durable,premium,low,ornament
21499,Blue polka-dot gift wrap Category: stationery. Seasonality: none. Gifting: low. Price tier: budget. Impulse: high. Substitute group: gift_wrap.,Blue polka-dot gift wrap,stationery,none,low,semi_durable,budget,high,gift_wrap
21586,Kings Choice giant tube of matches Category: home_utility. Seasonality: none. Gifting: low. Price tier: mid. Impulse: high. Substitute group: matches.,Kings Choice giant tube of matches,home_utility,none,low,semi_durable,mid,high,matches
22772,Pink acrylic Edwardian-style drawer knob Category: home_hardware. Seasonality: none. Gifting: low. Price tier: budget. Impulse: medium. Substitute group: drawer_knob.,Pink acrylic Edwardian-style drawer knob,home_hardware,none,low,durable,budget,medium,drawer_knob
21591,Cosy Hour cigar box of matches Category: home_utility. Seasonality: none. Gifting: low. Price tier: budget. Impulse: high. Substitute group: matches.,Cosy Hour cigar box of matches,home_utility,none,low,semi_durable,budget,high,matches
22167,Oval diamante wall mirror Category: home_decor. Seasonality: none. Gifting: high. Price tier: premium. Impulse: low. Substitute group: wall_mirror.,Oval diamante wall mirror,home_decor,none,high,durable,premium,low,wall_mirror
23192,Bundle of three alphabet exercise books Category: stationery. Seasonality: none. Gifting: low. Price tier: budget. Impulse: high. Substitute group: notebooks.,Bundle of three alphabet exercise books,stationery,none,low,semi_durable,budget,high,notebooks
22331,Woodland party bag and sticker set Category: party. Seasonality: none. Gifting: low. Price tier: budget. Impulse: high. Substitute group: party_bag.,Woodland party bag and sticker set,party,none,low,semi_durable,budget,high,party_bag
22737,Reel of Christmas present design ribbon Category: christmas_decor. Seasonality: christmas. Gifting: low. Price tier: budget. Impulse: medium. Substitute group: ribbon.,Reel of Christmas present design ribbon,christmas_decor,christmas,low,semi_durable,budget,medium,ribbon
21667,Glass cake cover and plate Category: kitchenware. Seasonality: none. Gifting: high. Price tier: premium. Impulse: low. Substitute group: cake_plate.,Glass cake cover and plate,kitchenware,none,high,durable,premium,low,cake_plate
22841,Vintage green round cake storage tin Category: kitchenware. Seasonality: none. Gifting: medium. Price tier: mid. Impulse: low. Substitute group: cake_tins.,Vintage green round cake storage tin,kitchenware,none,medium,durable,mid,low,cake_tins
23118,Parisienne-style jewellery drawer box Category: home_storage. Seasonality: none. Gifting: high. Price tier: mid. Impulse: low. Substitute group: jewellery_box.,Parisienne-style jewellery drawer box,home_storage,none,high,durable,mid,low,jewellery_box
22361,Glass jar labelled Fresh Cotton Wool with daisy Category: bathroom. Seasonality: none. Gifting: medium. Price tier: mid. Impulse: medium. Substitute group: storage_jar.,Glass jar labelled Fresh Cotton Wool with daisy,bathroom,none,medium,durable,mid,medium,storage_jar
21918,Set of 12 children's colour chalk sticks Category: craft. Seasonality: none. Gifting: low. Price tier: budget. Impulse: high. Substitute group: chalk.,Set of 12 children's colour chalk sticks,craft,none,low,semi_durable,budget,high,chalk
22491,Pack of 12 coloured pencils Category: craft. Seasonality: none. Gifting: low. Price tier: budget. Impulse: high. Substitute group: pencils.,Pack of 12 coloured pencils,craft,none,low,semi_durable,budget,high,pencils
85038,Set of six chocolate love heart tealights Category: candles. Seasonality: valentine. Gifting: medium. Price tier: budget. Impulse: high. Substitute group: tlight_candles.,Set of six chocolate love heart tealights,candles,valentine,medium,semi_durable,budget,high,tlight_candles
21832,Chocolate bar shaped novelty calculator Category: novelty. Seasonality: none. Gifting: low. Price tier: budget. Impulse: high. Substitute group: novelty.,Chocolate bar shaped novelty calculator,novelty,none,low,durable,budget,high,novelty
22045,Spaceboy design gift wrap Category: stationery. Seasonality: none. Gifting: low. Price tier: budget. Impulse: high. Substitute group: gift_wrap.,Spaceboy design gift wrap,stationery,none,low,semi_durable,budget,high,gift_wrap
23526,Wall art print reading Dog Licence Category: home_decor. Seasonality: none. Gifting: medium. Price tier: mid. Impulse: medium. Substitute group: wall_art.,Wall art print reading Dog Licence,home_decor,none,medium,durable,mid,medium,wall_art
21407,Brown check cat fabric doorstop Category: home_decor. Seasonality: none. Gifting: high. Price tier: mid. Impulse: medium. Substitute group: doorstop.,Brown check cat fabric doorstop,home_decor,none,high,durable,mid,medium,doorstop
23296,Set of six tea time paper baking cases Category: baking. Seasonality: none. Gifting: low. Price tier: budget. Impulse: high. Substitute group: cake_cases.,Set of six tea time paper baking cases,baking,none,low,semi_durable,budget,high,cake_cases
21452,Toadstool-shaped money box Category: home_decor. Seasonality: none. Gifting: medium. Price tier: mid. Impulse: high. Substitute group: money_bank.,Toadstool-shaped money box,home_decor,none,medium,durable,mid,high,money_bank
23312,Vintage Christmas fabric gift sack Category: christmas_decor. Seasonality: christmas. Gifting: high. Price tier: mid. Impulse: medium. Substitute group: christmas_sack.,Vintage Christmas fabric gift sack,christmas_decor,christmas,high,durable,mid,medium,christmas_sack
22964,Three-piece Spaceboy cookie cutter set Category: baking. Seasonality: none. Gifting: medium. Price tier: budget. Impulse: high. Substitute group: cookie_cutters.,Three-piece Spaceboy cookie cutter set,baking,none,medium,durable,budget,high,cookie_cutters
84509A,Set of four English rose placemats Category: kitchenware. Seasonality: none. Gifting: high. Price tier: mid. Impulse: low. Substitute group: placemats.,Set of four English rose placemats,kitchenware,none,high,durable,mid,low,placemats
23052,Recycled Acapulco mat in turquoise Category: home_decor. Seasonality: spring_summer. Gifting: medium. Price tier: mid. Impulse: low. Substitute group: mat.,Recycled Acapulco mat in turquoise,home_decor,spring_summer,medium,durable,mid,low,mat
22899,Children's apron in Dolly Girl design Category: kitchenware. Seasonality: none. Gifting: medium. Price tier: budget. Impulse: medium. Substitute group: apron.,Children's apron in Dolly Girl design,kitchenware,none,medium,durable,budget,medium,apron
21313,Glass heart-shaped tealight holder Category: home_decor. Seasonality: valentine. Gifting: medium. Price tier: budget. Impulse: high. Substitute group: tlight_holder.,Glass heart-shaped tealight holder,home_decor,valentine,medium,durable,budget,high,tlight_holder
22660,Coir doormat with I Love London design Category: home_decor. Seasonality: none. Gifting: medium. Price tier: mid. Impulse: low. Substitute group: doormat.,Coir doormat with I Love London design,home_decor,none,medium,durable,mid,low,doormat
22441,Grow your own basil kit in an enamel mug Category: garden. Seasonality: spring_summer. Gifting: medium. Price tier: budget. Impulse: high. Substitute group: grow_kit.,Grow your own basil kit in an enamel mug,garden,spring_summer,medium,semi_durable,budget,high,grow_kit
22951,Pack of 60 Dolly Girl design cake cases Category: baking. Seasonality: none. Gifting: low. Price tier: budget. Impulse: high. Substitute group: cake_cases.,Pack of 60 Dolly Girl design cake cases,baking,none,low,semi_durable,budget,high,cake_cases
23154,Set of four jam jar fridge magnets Category: novelty. Seasonality: none. Gifting: low. Price tier: budget. Impulse: high. Substitute group: fridge_magnet.,Set of four jam jar fridge magnets,novelty,none,low,durable,budget,high,fridge_magnet
48197,Coir doormat with Bird On The Wire design Category: home_decor. Seasonality: none. Gifting: medium. Price tier: mid. Impulse: low. Substitute group: doormat.,Coir doormat with Bird On The Wire design,home_decor,none,medium,durable,mid,low,doormat
22241,Wooden Happy Easter garland decoration Category: craft. Seasonality: easter. Gifting: medium. Price tier: budget. Impulse: high. Substitute group: garland.,Wooden Happy Easter garland decoration,craft,easter,medium,durable,budget,high,garland
22200,Pink polka-dot frying pan Category: kitchenware. Seasonality: none. Gifting: medium. Price tier: mid. Impulse: medium. Substitute group: frying_pan.,Pink polka-dot frying pan,kitchenware,none,medium,durable,mid,medium,frying_pan
85132C,Charlie and Lola figures storage tins Category: home_storage. Seasonality: none. Gifting: medium. Price tier: mid. Impulse: medium. Substitute group: storage_tin.,Charlie and Lola figures storage tins,home_storage,none,medium,durable,mid,medium,storage_tin
23113,Pantry design wooden chopping board Category: kitchenware. Seasonality: none. Gifting: medium. Price tier: mid. Impulse: low. Substitute group: chopping_board.,Pantry design wooden chopping board,kitchenware,none,medium,durable,mid,low,chopping_board
22971,Queens Guard design coffee mug Category: kitchenware. Seasonality: none. Gifting: medium. Price tier: mid. Impulse: high. Substitute group: mug.,Queens Guard design coffee mug,kitchenware,none,medium,durable,mid,high,mug
21988,Pack of six skull paper plates Category: party. Seasonality: none. Gifting: low. Price tier: budget. Impulse: high. Substitute group: paper_plates.,Pack of six skull paper plates,party,none,low,semi_durable,budget,high,paper_plates
23485,Botanical gardens design wall clock Category: home_decor. Seasonality: none. Gifting: high. Price tier: premium. Impulse: low. Substitute group: wall_clock.,Botanical gardens design wall clock,home_decor,none,high,durable,premium,low,wall_clock
21577,Save The Planet cotton tote bag Category: bags. Seasonality: none. Gifting: low. Price tier: budget. Impulse: high. Substitute group: tote_bag.,Save The Planet cotton tote bag,bags,none,low,durable,budget,high,tote_bag
22119,Wooden block letters spelling PEACE Category: home_decor. Seasonality: none. Gifting: high. Price tier: mid. Impulse: low. Substitute group: block_word.,Wooden block letters spelling PEACE,home_decor,none,high,durable,mid,low,block_word
37495,Fairy cake birthday candle set Category: party. Seasonality: none. Gifting: low. Price tier: mid. Impulse: high. Substitute group: party_candles.,Fairy cake birthday candle set,party,none,low,semi_durable,mid,high,party_candles
22115,Novelty metal sign for Empire Tea Category: home_decor. Seasonality: none. Gifting: medium. Price tier: mid. Impulse: high. Substitute group: metal_sign.,Novelty metal sign for Empire Tea,home_decor,none,medium,durable,mid,high,metal_sign
